<?xml version="1.0"?>
<link_info>
   <banner>TI ARM Linker PC v5.0.6</banner>
   <copyright>Copyright (c) 1996-2013 Texas Instruments Incorporated</copyright>
   <link_time>0x5241bca1</link_time>
   <output_file>HelloLCD_HELP.out</output_file>
   <entry_point>
      <name>_c_int00</name>
      <address>0x535</address>
   </entry_point>
   <input_file_list>
      <input_file id="fl-2">
         <path>.\</path>
         <kind>object</kind>
         <file>startup_ccs.obj</file>
         <name>startup_ccs.obj</name>
      </input_file>
      <input_file id="fl-3">
         <path>.\</path>
         <kind>object</kind>
         <file>project0.obj</file>
         <name>project0.obj</name>
      </input_file>
      <input_file id="fl-131">
         <path>C:\ti\ccsv5\tools\compiler\arm_5.0.6\lib\</path>
         <kind>archive</kind>
         <file>rtsv7M4_T_le_v4SPD16_eabi.lib</file>
         <name>boot.obj</name>
      </input_file>
      <input_file id="fl-132">
         <path>C:\ti\ccsv5\tools\compiler\arm_5.0.6\lib\</path>
         <kind>archive</kind>
         <file>rtsv7M4_T_le_v4SPD16_eabi.lib</file>
         <name>copy_decompress_none.obj</name>
      </input_file>
      <input_file id="fl-133">
         <path>C:\ti\ccsv5\tools\compiler\arm_5.0.6\lib\</path>
         <kind>archive</kind>
         <file>rtsv7M4_T_le_v4SPD16_eabi.lib</file>
         <name>copy_decompress_rle.obj</name>
      </input_file>
      <input_file id="fl-134">
         <path>C:\ti\ccsv5\tools\compiler\arm_5.0.6\lib\</path>
         <kind>archive</kind>
         <file>rtsv7M4_T_le_v4SPD16_eabi.lib</file>
         <name>copy_zero_init.obj</name>
      </input_file>
      <input_file id="fl-135">
         <path>C:\ti\ccsv5\tools\compiler\arm_5.0.6\lib\</path>
         <kind>archive</kind>
         <file>rtsv7M4_T_le_v4SPD16_eabi.lib</file>
         <name>exit.obj</name>
      </input_file>
      <input_file id="fl-136">
         <path>C:\ti\ccsv5\tools\compiler\arm_5.0.6\lib\</path>
         <kind>archive</kind>
         <file>rtsv7M4_T_le_v4SPD16_eabi.lib</file>
         <name>memcpy_t2.obj</name>
      </input_file>
      <input_file id="fl-137">
         <path>C:\ti\ccsv5\tools\compiler\arm_5.0.6\lib\</path>
         <kind>archive</kind>
         <file>rtsv7M4_T_le_v4SPD16_eabi.lib</file>
         <name>stkdepth_vars.obj</name>
      </input_file>
      <input_file id="fl-138">
         <path>C:\ti\ccsv5\tools\compiler\arm_5.0.6\lib\</path>
         <kind>archive</kind>
         <file>rtsv7M4_T_le_v4SPD16_eabi.lib</file>
         <name>_lock.obj</name>
      </input_file>
      <input_file id="fl-139">
         <path>C:\ti\ccsv5\tools\compiler\arm_5.0.6\lib\</path>
         <kind>archive</kind>
         <file>rtsv7M4_T_le_v4SPD16_eabi.lib</file>
         <name>args_main.obj</name>
      </input_file>
      <input_file id="fl-13a">
         <path>C:\ti\ccsv5\tools\compiler\arm_5.0.6\lib\</path>
         <kind>archive</kind>
         <file>rtsv7M4_T_le_v4SPD16_eabi.lib</file>
         <name>auto_init.obj</name>
      </input_file>
      <input_file id="fl-13b">
         <path>C:\ti\ccsv5\tools\compiler\arm_5.0.6\lib\</path>
         <kind>archive</kind>
         <file>rtsv7M4_T_le_v4SPD16_eabi.lib</file>
         <name>cpy_tbl.obj</name>
      </input_file>
      <input_file id="fl-13c">
         <path>C:\ti\TivaWare_C_Series-1.0\examples\boards\ek-tm4c123gxl\project0\ccs\..\..\..\..\..\driverlib\ccs\Debug\</path>
         <kind>archive</kind>
         <file>driverlib.lib</file>
         <name>sysctl.obj</name>
      </input_file>
      <input_file id="fl-13d">
         <path>C:\ti\TivaWare_C_Series-1.0\examples\boards\ek-tm4c123gxl\project0\ccs\..\..\..\..\..\driverlib\ccs\Debug\</path>
         <kind>archive</kind>
         <file>driverlib.lib</file>
         <name>interrupt.obj</name>
      </input_file>
      <input_file id="fl-13e">
         <path>C:\ti\TivaWare_C_Series-1.0\examples\boards\ek-tm4c123gxl\project0\ccs\..\..\..\..\..\driverlib\ccs\Debug\</path>
         <kind>archive</kind>
         <file>driverlib.lib</file>
         <name>cpu.obj</name>
      </input_file>
   </input_file_list>
   <object_component_list>
      <object_component id="oc-e">
         <name>.intvecs</name>
         <load_address>0x0</load_address>
         <run_address>0x0</run_address>
         <size>0x26c</size>
         <input_file_ref idref="fl-2"/>
      </object_component>
      <object_component id="oc-47">
         <name>.text</name>
         <load_address>0x26c</load_address>
         <run_address>0x26c</run_address>
         <size>0x9c</size>
         <input_file_ref idref="fl-136"/>
      </object_component>
      <object_component id="oc-38">
         <name>.text</name>
         <load_address>0x308</load_address>
         <run_address>0x308</run_address>
         <size>0x94</size>
         <input_file_ref idref="fl-13a"/>
      </object_component>
      <object_component id="oc-77">
         <name>.text:main</name>
         <load_address>0x39c</load_address>
         <run_address>0x39c</run_address>
         <size>0x88</size>
         <input_file_ref idref="fl-3"/>
      </object_component>
      <object_component id="oc-af">
         <name>.text:init</name>
         <load_address>0x424</load_address>
         <run_address>0x424</run_address>
         <size>0x60</size>
         <input_file_ref idref="fl-3"/>
      </object_component>
      <object_component id="oc-57">
         <name>.text</name>
         <load_address>0x484</load_address>
         <run_address>0x484</run_address>
         <size>0x5e</size>
         <input_file_ref idref="fl-133"/>
      </object_component>
      <object_component id="oc-2b">
         <name>.text:FaultISR</name>
         <load_address>0x4e2</load_address>
         <run_address>0x4e2</run_address>
         <size>0x2</size>
         <input_file_ref idref="fl-2"/>
      </object_component>
      <object_component id="oc-d2">
         <name>.text:nextString</name>
         <load_address>0x4e4</load_address>
         <run_address>0x4e4</run_address>
         <size>0x50</size>
         <input_file_ref idref="fl-3"/>
      </object_component>
      <object_component id="oc-10">
         <name>.text</name>
         <load_address>0x534</load_address>
         <run_address>0x534</run_address>
         <size>0x48</size>
         <input_file_ref idref="fl-131"/>
      </object_component>
      <object_component id="oc-72">
         <name>.text</name>
         <load_address>0x57c</load_address>
         <run_address>0x57c</run_address>
         <size>0x44</size>
         <input_file_ref idref="fl-13b"/>
      </object_component>
      <object_component id="oc-40">
         <name>.text</name>
         <load_address>0x5c0</load_address>
         <run_address>0x5c0</run_address>
         <size>0x40</size>
         <input_file_ref idref="fl-135"/>
      </object_component>
      <object_component id="oc-cb">
         <name>.text:writeDataToPort</name>
         <load_address>0x600</load_address>
         <run_address>0x600</run_address>
         <size>0x3c</size>
         <input_file_ref idref="fl-3"/>
      </object_component>
      <object_component id="oc-f9">
         <name>.text:LcdDataWrite</name>
         <load_address>0x63c</load_address>
         <run_address>0x63c</run_address>
         <size>0x38</size>
         <input_file_ref idref="fl-3"/>
      </object_component>
      <object_component id="oc-aa">
         <name>.text:LcdCommandWrite</name>
         <load_address>0x674</load_address>
         <run_address>0x674</run_address>
         <size>0x30</size>
         <input_file_ref idref="fl-3"/>
      </object_component>
      <object_component id="oc-3c">
         <name>.text</name>
         <load_address>0x6a4</load_address>
         <run_address>0x6a4</run_address>
         <size>0x18</size>
         <input_file_ref idref="fl-139"/>
      </object_component>
      <object_component id="oc-ea">
         <name>.text:writeString</name>
         <load_address>0x6bc</load_address>
         <run_address>0x6bc</run_address>
         <size>0x18</size>
         <input_file_ref idref="fl-3"/>
      </object_component>
      <object_component id="oc-b6">
         <name>.text</name>
         <load_address>0x6d4</load_address>
         <run_address>0x6d4</run_address>
         <size>0x14</size>
         <input_file_ref idref="fl-138"/>
      </object_component>
      <object_component id="oc-d7">
         <name>.text:isPressedDown</name>
         <load_address>0x6e8</load_address>
         <run_address>0x6e8</run_address>
         <size>0x10</size>
         <input_file_ref idref="fl-3"/>
      </object_component>
      <object_component id="oc-dc">
         <name>.text:isPressedUp</name>
         <load_address>0x6f8</load_address>
         <run_address>0x6f8</run_address>
         <size>0x10</size>
         <input_file_ref idref="fl-3"/>
      </object_component>
      <object_component id="oc-14">
         <name>.text:decompress:none</name>
         <load_address>0x708</load_address>
         <run_address>0x708</run_address>
         <size>0xe</size>
         <input_file_ref idref="fl-132"/>
      </object_component>
      <object_component id="oc-21">
         <name>.text:ResetISR</name>
         <load_address>0x716</load_address>
         <run_address>0x716</run_address>
         <size>0x6</size>
         <input_file_ref idref="fl-2"/>
      </object_component>
      <object_component id="oc-d0">
         <name>.text:SysCtlDelay</name>
         <load_address>0x71c</load_address>
         <run_address>0x71c</run_address>
         <size>0x6</size>
         <input_file_ref idref="fl-13c"/>
      </object_component>
      <object_component id="oc-1c">
         <name>.text:decompress:rle24</name>
         <load_address>0x722</load_address>
         <run_address>0x722</run_address>
         <size>0x6</size>
         <input_file_ref idref="fl-133"/>
      </object_component>
      <object_component id="oc-30">
         <name>.text:IntDefaultHandler</name>
         <load_address>0x728</load_address>
         <run_address>0x728</run_address>
         <size>0x2</size>
         <input_file_ref idref="fl-2"/>
      </object_component>
      <object_component id="oc-26">
         <name>.text:NmiSR</name>
         <load_address>0x72a</load_address>
         <run_address>0x72a</run_address>
         <size>0x2</size>
         <input_file_ref idref="fl-2"/>
      </object_component>
      <object_component id="oc-ff">
         <name>.const:.string</name>
         <load_address>0x72c</load_address>
         <run_address>0x72c</run_address>
         <size>0x152</size>
         <input_file_ref idref="fl-3"/>
      </object_component>
      <object_component id="oc-11f">
         <name>.cinit..data.load</name>
         <load_address>0x880</load_address>
         <run_address>0x880</run_address>
         <size>0x53</size>
      </object_component>
      <object_component id="oc-11d">
         <name>__TI_handler_table</name>
         <load_address>0x8d4</load_address>
         <run_address>0x8d4</run_address>
         <size>0x8</size>
      </object_component>
      <object_component id="oc-11e">
         <name>__TI_cinit_table</name>
         <load_address>0x8dc</load_address>
         <run_address>0x8dc</run_address>
         <size>0x8</size>
      </object_component>
      <object_component id="oc-44">
         <name>.data</name>
         <load_address>0x20000154</load_address>
         <run_address>0x20000154</run_address>
         <size>0x4</size>
         <input_file_ref idref="fl-137"/>
      </object_component>
      <object_component id="oc-82">
         <name>.data</name>
         <load_address>0x20000144</load_address>
         <run_address>0x20000144</run_address>
         <size>0x8</size>
         <input_file_ref idref="fl-138"/>
      </object_component>
      <object_component id="oc-84">
         <name>.data</name>
         <load_address>0x2000014c</load_address>
         <run_address>0x2000014c</run_address>
         <size>0x8</size>
         <input_file_ref idref="fl-135"/>
      </object_component>
      <object_component id="oc-ef">
         <name>.data:c</name>
         <load_address>0x20000100</load_address>
         <run_address>0x20000100</run_address>
         <size>0x44</size>
         <input_file_ref idref="fl-3"/>
      </object_component>
      <object_component id="oc-20">
         <name>.stack</name>
         <uninitialized>true</uninitialized>
         <run_address>0x20000000</run_address>
         <size>0x0</size>
         <input_file_ref idref="fl-131"/>
      </object_component>
      <object_component id="oc-120">
         <name>.stack</name>
         <uninitialized>true</uninitialized>
         <run_address>0x20000000</run_address>
         <size>0x0</size>
      </object_component>
      <object_component id="oc-f">
         <name>.debug_info</name>
         <load_address>0x0</load_address>
         <run_address>0x0</run_address>
         <size>0xdf</size>
         <input_file_ref idref="fl-2"/>
      </object_component>
      <object_component id="oc-11">
         <name>.debug_info</name>
         <load_address>0xdf</load_address>
         <run_address>0xdf</run_address>
         <size>0xf4</size>
         <input_file_ref idref="fl-131"/>
      </object_component>
      <object_component id="oc-15">
         <name>.debug_info</name>
         <load_address>0x1d3</load_address>
         <run_address>0x1d3</run_address>
         <size>0x159</size>
         <input_file_ref idref="fl-132"/>
      </object_component>
      <object_component id="oc-1d">
         <name>.debug_info</name>
         <load_address>0x32c</load_address>
         <run_address>0x32c</run_address>
         <size>0x16a</size>
         <input_file_ref idref="fl-133"/>
      </object_component>
      <object_component id="oc-22">
         <name>.debug_info</name>
         <load_address>0x496</load_address>
         <run_address>0x496</run_address>
         <size>0x10f</size>
         <input_file_ref idref="fl-2"/>
      </object_component>
      <object_component id="oc-27">
         <name>.debug_info</name>
         <load_address>0x5a5</load_address>
         <run_address>0x5a5</run_address>
         <size>0xfe</size>
         <input_file_ref idref="fl-2"/>
      </object_component>
      <object_component id="oc-2c">
         <name>.debug_info</name>
         <load_address>0x6a3</load_address>
         <run_address>0x6a3</run_address>
         <size>0x106</size>
         <input_file_ref idref="fl-2"/>
      </object_component>
      <object_component id="oc-31">
         <name>.debug_info</name>
         <load_address>0x7a9</load_address>
         <run_address>0x7a9</run_address>
         <size>0x118</size>
         <input_file_ref idref="fl-2"/>
      </object_component>
      <object_component id="oc-37">
         <name>.debug_info</name>
         <load_address>0x8c1</load_address>
         <run_address>0x8c1</run_address>
         <size>0xfa</size>
         <input_file_ref idref="fl-2"/>
      </object_component>
      <object_component id="oc-39">
         <name>.debug_info</name>
         <load_address>0x9bb</load_address>
         <run_address>0x9bb</run_address>
         <size>0x13f</size>
         <input_file_ref idref="fl-13a"/>
      </object_component>
      <object_component id="oc-3d">
         <name>.debug_info</name>
         <load_address>0xafa</load_address>
         <run_address>0xafa</run_address>
         <size>0xfe</size>
         <input_file_ref idref="fl-139"/>
      </object_component>
      <object_component id="oc-41">
         <name>.debug_info</name>
         <load_address>0xbf8</load_address>
         <run_address>0xbf8</run_address>
         <size>0x205</size>
         <input_file_ref idref="fl-135"/>
      </object_component>
      <object_component id="oc-45">
         <name>.debug_info</name>
         <load_address>0xdfd</load_address>
         <run_address>0xdfd</run_address>
         <size>0xbe</size>
         <input_file_ref idref="fl-137"/>
      </object_component>
      <object_component id="oc-48">
         <name>.debug_info</name>
         <load_address>0xebb</load_address>
         <run_address>0xebb</run_address>
         <size>0xcd</size>
         <input_file_ref idref="fl-136"/>
      </object_component>
      <object_component id="oc-4c">
         <name>.debug_info</name>
         <load_address>0xf88</load_address>
         <run_address>0xf88</run_address>
         <size>0x46</size>
         <input_file_ref idref="fl-132"/>
      </object_component>
      <object_component id="oc-58">
         <name>.debug_info</name>
         <load_address>0xfce</load_address>
         <run_address>0xfce</run_address>
         <size>0x318</size>
         <input_file_ref idref="fl-133"/>
      </object_component>
      <object_component id="oc-5c">
         <name>.debug_info</name>
         <load_address>0x12e6</load_address>
         <run_address>0x12e6</run_address>
         <size>0xb2</size>
         <input_file_ref idref="fl-133"/>
      </object_component>
      <object_component id="oc-5d">
         <name>.debug_info</name>
         <load_address>0x1398</load_address>
         <run_address>0x1398</run_address>
         <size>0x39</size>
         <input_file_ref idref="fl-133"/>
      </object_component>
      <object_component id="oc-68">
         <name>.debug_info</name>
         <load_address>0x13d1</load_address>
         <run_address>0x13d1</run_address>
         <size>0x84</size>
         <input_file_ref idref="fl-2"/>
      </object_component>
      <object_component id="oc-6d">
         <name>.debug_info</name>
         <load_address>0x1455</load_address>
         <run_address>0x1455</run_address>
         <size>0x18b</size>
         <input_file_ref idref="fl-2"/>
      </object_component>
      <object_component id="oc-73">
         <name>.debug_info</name>
         <load_address>0x15e0</load_address>
         <run_address>0x15e0</run_address>
         <size>0x191</size>
         <input_file_ref idref="fl-13b"/>
      </object_component>
      <object_component id="oc-78">
         <name>.debug_info</name>
         <load_address>0x1771</load_address>
         <run_address>0x1771</run_address>
         <size>0x17f</size>
         <input_file_ref idref="fl-3"/>
      </object_component>
      <object_component id="oc-7d">
         <name>.debug_info</name>
         <load_address>0x18f0</load_address>
         <run_address>0x18f0</run_address>
         <size>0x90</size>
         <input_file_ref idref="fl-139"/>
      </object_component>
      <object_component id="oc-83">
         <name>.debug_info</name>
         <load_address>0x1980</load_address>
         <run_address>0x1980</run_address>
         <size>0xc8</size>
         <input_file_ref idref="fl-138"/>
      </object_component>
      <object_component id="oc-85">
         <name>.debug_info</name>
         <load_address>0x1a48</load_address>
         <run_address>0x1a48</run_address>
         <size>0xdb</size>
         <input_file_ref idref="fl-135"/>
      </object_component>
      <object_component id="oc-87">
         <name>.debug_info</name>
         <load_address>0x1b23</load_address>
         <run_address>0x1b23</run_address>
         <size>0x89</size>
         <input_file_ref idref="fl-132"/>
      </object_component>
      <object_component id="oc-8e">
         <name>.debug_info</name>
         <load_address>0x1bac</load_address>
         <run_address>0x1bac</run_address>
         <size>0x83</size>
         <input_file_ref idref="fl-137"/>
      </object_component>
      <object_component id="oc-94">
         <name>.debug_info</name>
         <load_address>0x1c2f</load_address>
         <run_address>0x1c2f</run_address>
         <size>0x46</size>
         <input_file_ref idref="fl-132"/>
      </object_component>
      <object_component id="oc-99">
         <name>.debug_info</name>
         <load_address>0x1c75</load_address>
         <run_address>0x1c75</run_address>
         <size>0xe8</size>
         <input_file_ref idref="fl-132"/>
      </object_component>
      <object_component id="oc-9a">
         <name>.debug_info</name>
         <load_address>0x1d5d</load_address>
         <run_address>0x1d5d</run_address>
         <size>0x2c</size>
         <input_file_ref idref="fl-133"/>
      </object_component>
      <object_component id="oc-a1">
         <name>.debug_info</name>
         <load_address>0x1d89</load_address>
         <run_address>0x1d89</run_address>
         <size>0x84</size>
         <input_file_ref idref="fl-133"/>
      </object_component>
      <object_component id="oc-a9">
         <name>.debug_info</name>
         <load_address>0x1e0d</load_address>
         <run_address>0x1e0d</run_address>
         <size>0x143</size>
         <input_file_ref idref="fl-13b"/>
      </object_component>
      <object_component id="oc-ab">
         <name>.debug_info</name>
         <load_address>0x1f50</load_address>
         <run_address>0x1f50</run_address>
         <size>0x16a</size>
         <input_file_ref idref="fl-3"/>
      </object_component>
      <object_component id="oc-b0">
         <name>.debug_info</name>
         <load_address>0x20ba</load_address>
         <run_address>0x20ba</run_address>
         <size>0x1b5</size>
         <input_file_ref idref="fl-3"/>
      </object_component>
      <object_component id="oc-b5">
         <name>.debug_info</name>
         <load_address>0x226f</load_address>
         <run_address>0x226f</run_address>
         <size>0x102</size>
         <input_file_ref idref="fl-3"/>
      </object_component>
      <object_component id="oc-b7">
         <name>.debug_info</name>
         <load_address>0x2371</load_address>
         <run_address>0x2371</run_address>
         <size>0x1ba</size>
         <input_file_ref idref="fl-138"/>
      </object_component>
      <object_component id="oc-bc">
         <name>.debug_info</name>
         <load_address>0x252b</load_address>
         <run_address>0x252b</run_address>
         <size>0xd4</size>
         <input_file_ref idref="fl-138"/>
      </object_component>
      <object_component id="oc-bf">
         <name>.debug_info</name>
         <load_address>0x25ff</load_address>
         <run_address>0x25ff</run_address>
         <size>0x157</size>
         <input_file_ref idref="fl-135"/>
      </object_component>
      <object_component id="oc-c6">
         <name>.debug_info</name>
         <load_address>0x2756</load_address>
         <run_address>0x2756</run_address>
         <size>0xcd</size>
         <input_file_ref idref="fl-13b"/>
      </object_component>
      <object_component id="oc-cc">
         <name>.debug_info</name>
         <load_address>0x2823</load_address>
         <run_address>0x2823</run_address>
         <size>0x136</size>
         <input_file_ref idref="fl-3"/>
      </object_component>
      <object_component id="oc-d3">
         <name>.debug_info</name>
         <load_address>0x2959</load_address>
         <run_address>0x2959</run_address>
         <size>0x194</size>
         <input_file_ref idref="fl-3"/>
      </object_component>
      <object_component id="oc-d8">
         <name>.debug_info</name>
         <load_address>0x2aed</load_address>
         <run_address>0x2aed</run_address>
         <size>0x114</size>
         <input_file_ref idref="fl-3"/>
      </object_component>
      <object_component id="oc-dd">
         <name>.debug_info</name>
         <load_address>0x2c01</load_address>
         <run_address>0x2c01</run_address>
         <size>0x110</size>
         <input_file_ref idref="fl-3"/>
      </object_component>
      <object_component id="oc-eb">
         <name>.debug_info</name>
         <load_address>0x2d11</load_address>
         <run_address>0x2d11</run_address>
         <size>0x149</size>
         <input_file_ref idref="fl-3"/>
      </object_component>
      <object_component id="oc-f0">
         <name>.debug_info</name>
         <load_address>0x2e5a</load_address>
         <run_address>0x2e5a</run_address>
         <size>0xc6</size>
         <input_file_ref idref="fl-3"/>
      </object_component>
      <object_component id="oc-f3">
         <name>.debug_info</name>
         <load_address>0x2f20</load_address>
         <run_address>0x2f20</run_address>
         <size>0x39</size>
         <input_file_ref idref="fl-3"/>
      </object_component>
      <object_component id="oc-fa">
         <name>.debug_info</name>
         <load_address>0x2f59</load_address>
         <run_address>0x2f59</run_address>
         <size>0x160</size>
         <input_file_ref idref="fl-3"/>
      </object_component>
      <object_component id="oc-121">
         <name>.debug_info</name>
         <load_address>0x30b9</load_address>
         <run_address>0x30b9</run_address>
         <size>0xa6</size>
      </object_component>
      <object_component id="oc-12">
         <name>.debug_line</name>
         <load_address>0x0</load_address>
         <run_address>0x0</run_address>
         <size>0x4f</size>
         <input_file_ref idref="fl-131"/>
      </object_component>
      <object_component id="oc-16">
         <name>.debug_line</name>
         <load_address>0x4f</load_address>
         <run_address>0x4f</run_address>
         <size>0x4d</size>
         <input_file_ref idref="fl-132"/>
      </object_component>
      <object_component id="oc-1e">
         <name>.debug_line</name>
         <load_address>0x9c</load_address>
         <run_address>0x9c</run_address>
         <size>0x4c</size>
         <input_file_ref idref="fl-133"/>
      </object_component>
      <object_component id="oc-23">
         <name>.debug_line</name>
         <load_address>0xe8</load_address>
         <run_address>0xe8</run_address>
         <size>0x46</size>
         <input_file_ref idref="fl-2"/>
      </object_component>
      <object_component id="oc-28">
         <name>.debug_line</name>
         <load_address>0x12e</load_address>
         <run_address>0x12e</run_address>
         <size>0x49</size>
         <input_file_ref idref="fl-2"/>
      </object_component>
      <object_component id="oc-2d">
         <name>.debug_line</name>
         <load_address>0x177</load_address>
         <run_address>0x177</run_address>
         <size>0x49</size>
         <input_file_ref idref="fl-2"/>
      </object_component>
      <object_component id="oc-32">
         <name>.debug_line</name>
         <load_address>0x1c0</load_address>
         <run_address>0x1c0</run_address>
         <size>0x49</size>
         <input_file_ref idref="fl-2"/>
      </object_component>
      <object_component id="oc-36">
         <name>.debug_line</name>
         <load_address>0x209</load_address>
         <run_address>0x209</run_address>
         <size>0x34</size>
         <input_file_ref idref="fl-2"/>
      </object_component>
      <object_component id="oc-3a">
         <name>.debug_line</name>
         <load_address>0x23d</load_address>
         <run_address>0x23d</run_address>
         <size>0x87</size>
         <input_file_ref idref="fl-13a"/>
      </object_component>
      <object_component id="oc-3e">
         <name>.debug_line</name>
         <load_address>0x2c4</load_address>
         <run_address>0x2c4</run_address>
         <size>0x42</size>
         <input_file_ref idref="fl-139"/>
      </object_component>
      <object_component id="oc-42">
         <name>.debug_line</name>
         <load_address>0x306</load_address>
         <run_address>0x306</run_address>
         <size>0x71</size>
         <input_file_ref idref="fl-135"/>
      </object_component>
      <object_component id="oc-49">
         <name>.debug_line</name>
         <load_address>0x377</load_address>
         <run_address>0x377</run_address>
         <size>0x88</size>
         <input_file_ref idref="fl-136"/>
      </object_component>
      <object_component id="oc-4e">
         <name>.debug_line</name>
         <load_address>0x3ff</load_address>
         <run_address>0x3ff</run_address>
         <size>0x3a</size>
         <input_file_ref idref="fl-132"/>
      </object_component>
      <object_component id="oc-59">
         <name>.debug_line</name>
         <load_address>0x439</load_address>
         <run_address>0x439</run_address>
         <size>0x58</size>
         <input_file_ref idref="fl-133"/>
      </object_component>
      <object_component id="oc-5f">
         <name>.debug_line</name>
         <load_address>0x491</load_address>
         <run_address>0x491</run_address>
         <size>0x39</size>
         <input_file_ref idref="fl-133"/>
      </object_component>
      <object_component id="oc-67">
         <name>.debug_line</name>
         <load_address>0x4ca</load_address>
         <run_address>0x4ca</run_address>
         <size>0x34</size>
         <input_file_ref idref="fl-2"/>
      </object_component>
      <object_component id="oc-6a">
         <name>.debug_line</name>
         <load_address>0x4fe</load_address>
         <run_address>0x4fe</run_address>
         <size>0x20</size>
         <input_file_ref idref="fl-2"/>
      </object_component>
      <object_component id="oc-6f">
         <name>.debug_line</name>
         <load_address>0x51e</load_address>
         <run_address>0x51e</run_address>
         <size>0x59</size>
         <input_file_ref idref="fl-2"/>
      </object_component>
      <object_component id="oc-74">
         <name>.debug_line</name>
         <load_address>0x577</load_address>
         <run_address>0x577</run_address>
         <size>0x43</size>
         <input_file_ref idref="fl-13b"/>
      </object_component>
      <object_component id="oc-79">
         <name>.debug_line</name>
         <load_address>0x5ba</load_address>
         <run_address>0x5ba</run_address>
         <size>0x5d</size>
         <input_file_ref idref="fl-3"/>
      </object_component>
      <object_component id="oc-7f">
         <name>.debug_line</name>
         <load_address>0x617</load_address>
         <run_address>0x617</run_address>
         <size>0x20</size>
         <input_file_ref idref="fl-139"/>
      </object_component>
      <object_component id="oc-89">
         <name>.debug_line</name>
         <load_address>0x637</load_address>
         <run_address>0x637</run_address>
         <size>0x20</size>
         <input_file_ref idref="fl-132"/>
      </object_component>
      <object_component id="oc-8d">
         <name>.debug_line</name>
         <load_address>0x657</load_address>
         <run_address>0x657</run_address>
         <size>0x33</size>
         <input_file_ref idref="fl-137"/>
      </object_component>
      <object_component id="oc-90">
         <name>.debug_line</name>
         <load_address>0x68a</load_address>
         <run_address>0x68a</run_address>
         <size>0x20</size>
         <input_file_ref idref="fl-137"/>
      </object_component>
      <object_component id="oc-96">
         <name>.debug_line</name>
         <load_address>0x6aa</load_address>
         <run_address>0x6aa</run_address>
         <size>0x44</size>
         <input_file_ref idref="fl-132"/>
      </object_component>
      <object_component id="oc-9c">
         <name>.debug_line</name>
         <load_address>0x6ee</load_address>
         <run_address>0x6ee</run_address>
         <size>0x44</size>
         <input_file_ref idref="fl-133"/>
      </object_component>
      <object_component id="oc-a3">
         <name>.debug_line</name>
         <load_address>0x732</load_address>
         <run_address>0x732</run_address>
         <size>0x20</size>
         <input_file_ref idref="fl-133"/>
      </object_component>
      <object_component id="oc-a7">
         <name>.debug_line</name>
         <load_address>0x752</load_address>
         <run_address>0x752</run_address>
         <size>0x20</size>
         <input_file_ref idref="fl-133"/>
      </object_component>
      <object_component id="oc-ac">
         <name>.debug_line</name>
         <load_address>0x772</load_address>
         <run_address>0x772</run_address>
         <size>0x4a</size>
         <input_file_ref idref="fl-3"/>
      </object_component>
      <object_component id="oc-b1">
         <name>.debug_line</name>
         <load_address>0x7bc</load_address>
         <run_address>0x7bc</run_address>
         <size>0x6a</size>
         <input_file_ref idref="fl-3"/>
      </object_component>
      <object_component id="oc-b8">
         <name>.debug_line</name>
         <load_address>0x826</load_address>
         <run_address>0x826</run_address>
         <size>0x60</size>
         <input_file_ref idref="fl-138"/>
      </object_component>
      <object_component id="oc-bb">
         <name>.debug_line</name>
         <load_address>0x886</load_address>
         <run_address>0x886</run_address>
         <size>0x2b</size>
         <input_file_ref idref="fl-138"/>
      </object_component>
      <object_component id="oc-be">
         <name>.debug_line</name>
         <load_address>0x8b1</load_address>
         <run_address>0x8b1</run_address>
         <size>0x2a</size>
         <input_file_ref idref="fl-135"/>
      </object_component>
      <object_component id="oc-c1">
         <name>.debug_line</name>
         <load_address>0x8db</load_address>
         <run_address>0x8db</run_address>
         <size>0x20</size>
         <input_file_ref idref="fl-132"/>
      </object_component>
      <object_component id="oc-c5">
         <name>.debug_line</name>
         <load_address>0x8fb</load_address>
         <run_address>0x8fb</run_address>
         <size>0x51</size>
         <input_file_ref idref="fl-13b"/>
      </object_component>
      <object_component id="oc-c8">
         <name>.debug_line</name>
         <load_address>0x94c</load_address>
         <run_address>0x94c</run_address>
         <size>0x45</size>
         <input_file_ref idref="fl-13b"/>
      </object_component>
      <object_component id="oc-cd">
         <name>.debug_line</name>
         <load_address>0x991</load_address>
         <run_address>0x991</run_address>
         <size>0x49</size>
         <input_file_ref idref="fl-3"/>
      </object_component>
      <object_component id="oc-d4">
         <name>.debug_line</name>
         <load_address>0x9da</load_address>
         <run_address>0x9da</run_address>
         <size>0x52</size>
         <input_file_ref idref="fl-3"/>
      </object_component>
      <object_component id="oc-d9">
         <name>.debug_line</name>
         <load_address>0xa2c</load_address>
         <run_address>0xa2c</run_address>
         <size>0x46</size>
         <input_file_ref idref="fl-3"/>
      </object_component>
      <object_component id="oc-de">
         <name>.debug_line</name>
         <load_address>0xa72</load_address>
         <run_address>0xa72</run_address>
         <size>0x46</size>
         <input_file_ref idref="fl-3"/>
      </object_component>
      <object_component id="oc-e3">
         <name>.debug_line</name>
         <load_address>0xab8</load_address>
         <run_address>0xab8</run_address>
         <size>0x31</size>
         <input_file_ref idref="fl-3"/>
      </object_component>
      <object_component id="oc-e6">
         <name>.debug_line</name>
         <load_address>0xae9</load_address>
         <run_address>0xae9</run_address>
         <size>0x20</size>
         <input_file_ref idref="fl-138"/>
      </object_component>
      <object_component id="oc-e8">
         <name>.debug_line</name>
         <load_address>0xb09</load_address>
         <run_address>0xb09</run_address>
         <size>0x43</size>
         <input_file_ref idref="fl-135"/>
      </object_component>
      <object_component id="oc-ec">
         <name>.debug_line</name>
         <load_address>0xb4c</load_address>
         <run_address>0xb4c</run_address>
         <size>0x4c</size>
         <input_file_ref idref="fl-3"/>
      </object_component>
      <object_component id="oc-f5">
         <name>.debug_line</name>
         <load_address>0xb98</load_address>
         <run_address>0xb98</run_address>
         <size>0x31</size>
         <input_file_ref idref="fl-3"/>
      </object_component>
      <object_component id="oc-fb">
         <name>.debug_line</name>
         <load_address>0xbc9</load_address>
         <run_address>0xbc9</run_address>
         <size>0x4b</size>
         <input_file_ref idref="fl-3"/>
      </object_component>
      <object_component id="oc-101">
         <name>.debug_line</name>
         <load_address>0xc14</load_address>
         <run_address>0xc14</run_address>
         <size>0x31</size>
         <input_file_ref idref="fl-3"/>
      </object_component>
      <object_component id="oc-13">
         <name>.debug_aranges</name>
         <load_address>0x0</load_address>
         <run_address>0x0</run_address>
         <size>0x20</size>
         <input_file_ref idref="fl-131"/>
      </object_component>
      <object_component id="oc-17">
         <name>.debug_aranges</name>
         <load_address>0x20</load_address>
         <run_address>0x20</run_address>
         <size>0x20</size>
         <input_file_ref idref="fl-132"/>
      </object_component>
      <object_component id="oc-1f">
         <name>.debug_aranges</name>
         <load_address>0x40</load_address>
         <run_address>0x40</run_address>
         <size>0x20</size>
         <input_file_ref idref="fl-133"/>
      </object_component>
      <object_component id="oc-25">
         <name>.debug_aranges</name>
         <load_address>0x60</load_address>
         <run_address>0x60</run_address>
         <size>0x20</size>
         <input_file_ref idref="fl-2"/>
      </object_component>
      <object_component id="oc-2a">
         <name>.debug_aranges</name>
         <load_address>0x80</load_address>
         <run_address>0x80</run_address>
         <size>0x20</size>
         <input_file_ref idref="fl-2"/>
      </object_component>
      <object_component id="oc-2f">
         <name>.debug_aranges</name>
         <load_address>0xa0</load_address>
         <run_address>0xa0</run_address>
         <size>0x20</size>
         <input_file_ref idref="fl-2"/>
      </object_component>
      <object_component id="oc-34">
         <name>.debug_aranges</name>
         <load_address>0xc0</load_address>
         <run_address>0xc0</run_address>
         <size>0x20</size>
         <input_file_ref idref="fl-2"/>
      </object_component>
      <object_component id="oc-3b">
         <name>.debug_aranges</name>
         <load_address>0xe0</load_address>
         <run_address>0xe0</run_address>
         <size>0x28</size>
         <input_file_ref idref="fl-13a"/>
      </object_component>
      <object_component id="oc-3f">
         <name>.debug_aranges</name>
         <load_address>0x108</load_address>
         <run_address>0x108</run_address>
         <size>0x20</size>
         <input_file_ref idref="fl-139"/>
      </object_component>
      <object_component id="oc-43">
         <name>.debug_aranges</name>
         <load_address>0x128</load_address>
         <run_address>0x128</run_address>
         <size>0x30</size>
         <input_file_ref idref="fl-135"/>
      </object_component>
      <object_component id="oc-4a">
         <name>.debug_aranges</name>
         <load_address>0x158</load_address>
         <run_address>0x158</run_address>
         <size>0x20</size>
         <input_file_ref idref="fl-136"/>
      </object_component>
      <object_component id="oc-5a">
         <name>.debug_aranges</name>
         <load_address>0x178</load_address>
         <run_address>0x178</run_address>
         <size>0x20</size>
         <input_file_ref idref="fl-133"/>
      </object_component>
      <object_component id="oc-75">
         <name>.debug_aranges</name>
         <load_address>0x198</load_address>
         <run_address>0x198</run_address>
         <size>0x20</size>
         <input_file_ref idref="fl-13b"/>
      </object_component>
      <object_component id="oc-7b">
         <name>.debug_aranges</name>
         <load_address>0x1b8</load_address>
         <run_address>0x1b8</run_address>
         <size>0x20</size>
         <input_file_ref idref="fl-3"/>
      </object_component>
      <object_component id="oc-ae">
         <name>.debug_aranges</name>
         <load_address>0x1d8</load_address>
         <run_address>0x1d8</run_address>
         <size>0x20</size>
         <input_file_ref idref="fl-3"/>
      </object_component>
      <object_component id="oc-b3">
         <name>.debug_aranges</name>
         <load_address>0x1f8</load_address>
         <run_address>0x1f8</run_address>
         <size>0x20</size>
         <input_file_ref idref="fl-3"/>
      </object_component>
      <object_component id="oc-b9">
         <name>.debug_aranges</name>
         <load_address>0x218</load_address>
         <run_address>0x218</run_address>
         <size>0x30</size>
         <input_file_ref idref="fl-138"/>
      </object_component>
      <object_component id="oc-cf">
         <name>.debug_aranges</name>
         <load_address>0x248</load_address>
         <run_address>0x248</run_address>
         <size>0x20</size>
         <input_file_ref idref="fl-3"/>
      </object_component>
      <object_component id="oc-d6">
         <name>.debug_aranges</name>
         <load_address>0x268</load_address>
         <run_address>0x268</run_address>
         <size>0x20</size>
         <input_file_ref idref="fl-3"/>
      </object_component>
      <object_component id="oc-db">
         <name>.debug_aranges</name>
         <load_address>0x288</load_address>
         <run_address>0x288</run_address>
         <size>0x20</size>
         <input_file_ref idref="fl-3"/>
      </object_component>
      <object_component id="oc-e0">
         <name>.debug_aranges</name>
         <load_address>0x2a8</load_address>
         <run_address>0x2a8</run_address>
         <size>0x20</size>
         <input_file_ref idref="fl-3"/>
      </object_component>
      <object_component id="oc-ee">
         <name>.debug_aranges</name>
         <load_address>0x2c8</load_address>
         <run_address>0x2c8</run_address>
         <size>0x20</size>
         <input_file_ref idref="fl-3"/>
      </object_component>
      <object_component id="oc-fd">
         <name>.debug_aranges</name>
         <load_address>0x2e8</load_address>
         <run_address>0x2e8</run_address>
         <size>0x20</size>
         <input_file_ref idref="fl-3"/>
      </object_component>
      <object_component id="oc-24">
         <name>.debug_frame</name>
         <load_address>0x0</load_address>
         <run_address>0x0</run_address>
         <size>0x7f</size>
         <input_file_ref idref="fl-2"/>
      </object_component>
      <object_component id="oc-29">
         <name>.debug_frame</name>
         <load_address>0x7f</load_address>
         <run_address>0x7f</run_address>
         <size>0x7f</size>
         <input_file_ref idref="fl-2"/>
      </object_component>
      <object_component id="oc-2e">
         <name>.debug_frame</name>
         <load_address>0xfe</load_address>
         <run_address>0xfe</run_address>
         <size>0x7f</size>
         <input_file_ref idref="fl-2"/>
      </object_component>
      <object_component id="oc-33">
         <name>.debug_frame</name>
         <load_address>0x17d</load_address>
         <run_address>0x17d</run_address>
         <size>0x7f</size>
         <input_file_ref idref="fl-2"/>
      </object_component>
      <object_component id="oc-7a">
         <name>.debug_frame</name>
         <load_address>0x1fc</load_address>
         <run_address>0x1fc</run_address>
         <size>0x8e</size>
         <input_file_ref idref="fl-3"/>
      </object_component>
      <object_component id="oc-ad">
         <name>.debug_frame</name>
         <load_address>0x28a</load_address>
         <run_address>0x28a</run_address>
         <size>0x86</size>
         <input_file_ref idref="fl-3"/>
      </object_component>
      <object_component id="oc-b2">
         <name>.debug_frame</name>
         <load_address>0x310</load_address>
         <run_address>0x310</run_address>
         <size>0x86</size>
         <input_file_ref idref="fl-3"/>
      </object_component>
      <object_component id="oc-ce">
         <name>.debug_frame</name>
         <load_address>0x396</load_address>
         <run_address>0x396</run_address>
         <size>0x7f</size>
         <input_file_ref idref="fl-3"/>
      </object_component>
      <object_component id="oc-d5">
         <name>.debug_frame</name>
         <load_address>0x415</load_address>
         <run_address>0x415</run_address>
         <size>0x8e</size>
         <input_file_ref idref="fl-3"/>
      </object_component>
      <object_component id="oc-da">
         <name>.debug_frame</name>
         <load_address>0x4a3</load_address>
         <run_address>0x4a3</run_address>
         <size>0x7f</size>
         <input_file_ref idref="fl-3"/>
      </object_component>
      <object_component id="oc-df">
         <name>.debug_frame</name>
         <load_address>0x522</load_address>
         <run_address>0x522</run_address>
         <size>0x7f</size>
         <input_file_ref idref="fl-3"/>
      </object_component>
      <object_component id="oc-ed">
         <name>.debug_frame</name>
         <load_address>0x5a1</load_address>
         <run_address>0x5a1</run_address>
         <size>0x86</size>
         <input_file_ref idref="fl-3"/>
      </object_component>
      <object_component id="oc-fc">
         <name>.debug_frame</name>
         <load_address>0x627</load_address>
         <run_address>0x627</run_address>
         <size>0x86</size>
         <input_file_ref idref="fl-3"/>
      </object_component>
      <object_component id="oc-35">
         <name>.debug_abbrev</name>
         <load_address>0x0</load_address>
         <run_address>0x0</run_address>
         <size>0x29</size>
         <input_file_ref idref="fl-2"/>
      </object_component>
      <object_component id="oc-46">
         <name>.debug_abbrev</name>
         <load_address>0x29</load_address>
         <run_address>0x29</run_address>
         <size>0x40</size>
         <input_file_ref idref="fl-131"/>
      </object_component>
      <object_component id="oc-4b">
         <name>.debug_abbrev</name>
         <load_address>0x69</load_address>
         <run_address>0x69</run_address>
         <size>0x6b</size>
         <input_file_ref idref="fl-132"/>
      </object_component>
      <object_component id="oc-4d">
         <name>.debug_abbrev</name>
         <load_address>0xd4</load_address>
         <run_address>0xd4</run_address>
         <size>0x24</size>
         <input_file_ref idref="fl-132"/>
      </object_component>
      <object_component id="oc-5b">
         <name>.debug_abbrev</name>
         <load_address>0xf8</load_address>
         <run_address>0xf8</run_address>
         <size>0x6b</size>
         <input_file_ref idref="fl-133"/>
      </object_component>
      <object_component id="oc-5e">
         <name>.debug_abbrev</name>
         <load_address>0x163</load_address>
         <run_address>0x163</run_address>
         <size>0x24</size>
         <input_file_ref idref="fl-133"/>
      </object_component>
      <object_component id="oc-62">
         <name>.debug_abbrev</name>
         <load_address>0x187</load_address>
         <run_address>0x187</run_address>
         <size>0x50</size>
         <input_file_ref idref="fl-2"/>
      </object_component>
      <object_component id="oc-63">
         <name>.debug_abbrev</name>
         <load_address>0x1d7</load_address>
         <run_address>0x1d7</run_address>
         <size>0x40</size>
         <input_file_ref idref="fl-2"/>
      </object_component>
      <object_component id="oc-64">
         <name>.debug_abbrev</name>
         <load_address>0x217</load_address>
         <run_address>0x217</run_address>
         <size>0x40</size>
         <input_file_ref idref="fl-2"/>
      </object_component>
      <object_component id="oc-65">
         <name>.debug_abbrev</name>
         <load_address>0x257</load_address>
         <run_address>0x257</run_address>
         <size>0x40</size>
         <input_file_ref idref="fl-2"/>
      </object_component>
      <object_component id="oc-66">
         <name>.debug_abbrev</name>
         <load_address>0x297</load_address>
         <run_address>0x297</run_address>
         <size>0x5d</size>
         <input_file_ref idref="fl-2"/>
      </object_component>
      <object_component id="oc-69">
         <name>.debug_abbrev</name>
         <load_address>0x2f4</load_address>
         <run_address>0x2f4</run_address>
         <size>0x1f</size>
         <input_file_ref idref="fl-2"/>
      </object_component>
      <object_component id="oc-6e">
         <name>.debug_abbrev</name>
         <load_address>0x313</load_address>
         <run_address>0x313</run_address>
         <size>0x35</size>
         <input_file_ref idref="fl-2"/>
      </object_component>
      <object_component id="oc-76">
         <name>.debug_abbrev</name>
         <load_address>0x348</load_address>
         <run_address>0x348</run_address>
         <size>0x86</size>
         <input_file_ref idref="fl-13a"/>
      </object_component>
      <object_component id="oc-7c">
         <name>.debug_abbrev</name>
         <load_address>0x3ce</load_address>
         <run_address>0x3ce</run_address>
         <size>0x5f</size>
         <input_file_ref idref="fl-139"/>
      </object_component>
      <object_component id="oc-7e">
         <name>.debug_abbrev</name>
         <load_address>0x42d</load_address>
         <run_address>0x42d</run_address>
         <size>0x23</size>
         <input_file_ref idref="fl-139"/>
      </object_component>
      <object_component id="oc-86">
         <name>.debug_abbrev</name>
         <load_address>0x450</load_address>
         <run_address>0x450</run_address>
         <size>0xd5</size>
         <input_file_ref idref="fl-135"/>
      </object_component>
      <object_component id="oc-88">
         <name>.debug_abbrev</name>
         <load_address>0x525</load_address>
         <run_address>0x525</run_address>
         <size>0x23</size>
         <input_file_ref idref="fl-132"/>
      </object_component>
      <object_component id="oc-8c">
         <name>.debug_abbrev</name>
         <load_address>0x548</load_address>
         <run_address>0x548</run_address>
         <size>0x27</size>
         <input_file_ref idref="fl-137"/>
      </object_component>
      <object_component id="oc-8f">
         <name>.debug_abbrev</name>
         <load_address>0x56f</load_address>
         <run_address>0x56f</run_address>
         <size>0x1a</size>
         <input_file_ref idref="fl-137"/>
      </object_component>
      <object_component id="oc-93">
         <name>.debug_abbrev</name>
         <load_address>0x589</load_address>
         <run_address>0x589</run_address>
         <size>0x40</size>
         <input_file_ref idref="fl-136"/>
      </object_component>
      <object_component id="oc-95">
         <name>.debug_abbrev</name>
         <load_address>0x5c9</load_address>
         <run_address>0x5c9</run_address>
         <size>0x24</size>
         <input_file_ref idref="fl-132"/>
      </object_component>
      <object_component id="oc-9b">
         <name>.debug_abbrev</name>
         <load_address>0x5ed</load_address>
         <run_address>0x5ed</run_address>
         <size>0x24</size>
         <input_file_ref idref="fl-133"/>
      </object_component>
      <object_component id="oc-a0">
         <name>.debug_abbrev</name>
         <load_address>0x611</load_address>
         <run_address>0x611</run_address>
         <size>0x83</size>
         <input_file_ref idref="fl-133"/>
      </object_component>
      <object_component id="oc-a2">
         <name>.debug_abbrev</name>
         <load_address>0x694</load_address>
         <run_address>0x694</run_address>
         <size>0x1c</size>
         <input_file_ref idref="fl-133"/>
      </object_component>
      <object_component id="oc-a6">
         <name>.debug_abbrev</name>
         <load_address>0x6b0</load_address>
         <run_address>0x6b0</run_address>
         <size>0x2c</size>
         <input_file_ref idref="fl-133"/>
      </object_component>
      <object_component id="oc-a8">
         <name>.debug_abbrev</name>
         <load_address>0x6dc</load_address>
         <run_address>0x6dc</run_address>
         <size>0xa2</size>
         <input_file_ref idref="fl-13b"/>
      </object_component>
      <object_component id="oc-b4">
         <name>.debug_abbrev</name>
         <load_address>0x77e</load_address>
         <run_address>0x77e</run_address>
         <size>0x6e</size>
         <input_file_ref idref="fl-3"/>
      </object_component>
      <object_component id="oc-ba">
         <name>.debug_abbrev</name>
         <load_address>0x7ec</load_address>
         <run_address>0x7ec</run_address>
         <size>0x29</size>
         <input_file_ref idref="fl-138"/>
      </object_component>
      <object_component id="oc-bd">
         <name>.debug_abbrev</name>
         <load_address>0x815</load_address>
         <run_address>0x815</run_address>
         <size>0x29</size>
         <input_file_ref idref="fl-135"/>
      </object_component>
      <object_component id="oc-c0">
         <name>.debug_abbrev</name>
         <load_address>0x83e</load_address>
         <run_address>0x83e</run_address>
         <size>0x4c</size>
         <input_file_ref idref="fl-132"/>
      </object_component>
      <object_component id="oc-c4">
         <name>.debug_abbrev</name>
         <load_address>0x88a</load_address>
         <run_address>0x88a</run_address>
         <size>0x85</size>
         <input_file_ref idref="fl-13b"/>
      </object_component>
      <object_component id="oc-c7">
         <name>.debug_abbrev</name>
         <load_address>0x90f</load_address>
         <run_address>0x90f</run_address>
         <size>0x4b</size>
         <input_file_ref idref="fl-13b"/>
      </object_component>
      <object_component id="oc-d1">
         <name>.debug_abbrev</name>
         <load_address>0x95a</load_address>
         <run_address>0x95a</run_address>
         <size>0x7a</size>
         <input_file_ref idref="fl-3"/>
      </object_component>
      <object_component id="oc-e1">
         <name>.debug_abbrev</name>
         <load_address>0x9d4</load_address>
         <run_address>0x9d4</run_address>
         <size>0x60</size>
         <input_file_ref idref="fl-3"/>
      </object_component>
      <object_component id="oc-e2">
         <name>.debug_abbrev</name>
         <load_address>0xa34</load_address>
         <run_address>0xa34</run_address>
         <size>0x5b</size>
         <input_file_ref idref="fl-3"/>
      </object_component>
      <object_component id="oc-e4">
         <name>.debug_abbrev</name>
         <load_address>0xa8f</load_address>
         <run_address>0xa8f</run_address>
         <size>0x66</size>
         <input_file_ref idref="fl-138"/>
      </object_component>
      <object_component id="oc-e5">
         <name>.debug_abbrev</name>
         <load_address>0xaf5</load_address>
         <run_address>0xaf5</run_address>
         <size>0x3e</size>
         <input_file_ref idref="fl-138"/>
      </object_component>
      <object_component id="oc-e7">
         <name>.debug_abbrev</name>
         <load_address>0xb33</load_address>
         <run_address>0xb33</run_address>
         <size>0x7d</size>
         <input_file_ref idref="fl-135"/>
      </object_component>
      <object_component id="oc-e9">
         <name>.debug_abbrev</name>
         <load_address>0xbb0</load_address>
         <run_address>0xbb0</run_address>
         <size>0x6c</size>
         <input_file_ref idref="fl-3"/>
      </object_component>
      <object_component id="oc-f1">
         <name>.debug_abbrev</name>
         <load_address>0xc1c</load_address>
         <run_address>0xc1c</run_address>
         <size>0x7a</size>
         <input_file_ref idref="fl-3"/>
      </object_component>
      <object_component id="oc-f2">
         <name>.debug_abbrev</name>
         <load_address>0xc96</load_address>
         <run_address>0xc96</run_address>
         <size>0x52</size>
         <input_file_ref idref="fl-3"/>
      </object_component>
      <object_component id="oc-f4">
         <name>.debug_abbrev</name>
         <load_address>0xce8</load_address>
         <run_address>0xce8</run_address>
         <size>0x24</size>
         <input_file_ref idref="fl-3"/>
      </object_component>
      <object_component id="oc-f8">
         <name>.debug_abbrev</name>
         <load_address>0xd0c</load_address>
         <run_address>0xd0c</run_address>
         <size>0x52</size>
         <input_file_ref idref="fl-3"/>
      </object_component>
      <object_component id="oc-fe">
         <name>.debug_abbrev</name>
         <load_address>0xd5e</load_address>
         <run_address>0xd5e</run_address>
         <size>0x7a</size>
         <input_file_ref idref="fl-3"/>
      </object_component>
      <object_component id="oc-100">
         <name>.debug_abbrev</name>
         <load_address>0xdd8</load_address>
         <run_address>0xdd8</run_address>
         <size>0x29</size>
         <input_file_ref idref="fl-3"/>
      </object_component>
      <object_component id="oc-102">
         <name>.debug_abbrev</name>
         <load_address>0xe01</load_address>
         <run_address>0xe01</run_address>
         <size>0x7a</size>
         <input_file_ref idref="fl-3"/>
      </object_component>
      <object_component id="oc-122">
         <name>.debug_abbrev</name>
         <load_address>0xe7b</load_address>
         <run_address>0xe7b</run_address>
         <size>0xf</size>
      </object_component>
      <object_component id="oc-4f">
         <name>.debug_str</name>
         <load_address>0x0</load_address>
         <run_address>0x0</run_address>
         <size>0xb5</size>
         <input_file_ref idref="fl-132"/>
      </object_component>
      <object_component id="oc-60">
         <name>.debug_str</name>
         <load_address>0xb5</load_address>
         <run_address>0xb5</run_address>
         <size>0xa7</size>
         <input_file_ref idref="fl-133"/>
      </object_component>
      <object_component id="oc-6b">
         <name>.debug_str</name>
         <load_address>0x15c</load_address>
         <run_address>0x15c</run_address>
         <size>0xf5</size>
         <input_file_ref idref="fl-2"/>
      </object_component>
      <object_component id="oc-70">
         <name>.debug_str</name>
         <load_address>0x251</load_address>
         <run_address>0x251</run_address>
         <size>0x20d</size>
         <input_file_ref idref="fl-2"/>
      </object_component>
      <object_component id="oc-80">
         <name>.debug_str</name>
         <load_address>0x45e</load_address>
         <run_address>0x45e</run_address>
         <size>0x10f</size>
         <input_file_ref idref="fl-139"/>
      </object_component>
      <object_component id="oc-8a">
         <name>.debug_str</name>
         <load_address>0x56d</load_address>
         <run_address>0x56d</run_address>
         <size>0x10f</size>
         <input_file_ref idref="fl-132"/>
      </object_component>
      <object_component id="oc-91">
         <name>.debug_str</name>
         <load_address>0x67c</load_address>
         <run_address>0x67c</run_address>
         <size>0x10a</size>
         <input_file_ref idref="fl-137"/>
      </object_component>
      <object_component id="oc-97">
         <name>.debug_str</name>
         <load_address>0x786</load_address>
         <run_address>0x786</run_address>
         <size>0xae</size>
         <input_file_ref idref="fl-132"/>
      </object_component>
      <object_component id="oc-9d">
         <name>.debug_str</name>
         <load_address>0x834</load_address>
         <run_address>0x834</run_address>
         <size>0x9c</size>
         <input_file_ref idref="fl-133"/>
      </object_component>
      <object_component id="oc-a4">
         <name>.debug_str</name>
         <load_address>0x8d0</load_address>
         <run_address>0x8d0</run_address>
         <size>0x10a</size>
         <input_file_ref idref="fl-133"/>
      </object_component>
      <object_component id="oc-c9">
         <name>.debug_str</name>
         <load_address>0x9da</load_address>
         <run_address>0x9da</run_address>
         <size>0xf3</size>
         <input_file_ref idref="fl-13b"/>
      </object_component>
      <object_component id="oc-f6">
         <name>.debug_str</name>
         <load_address>0xacd</load_address>
         <run_address>0xacd</run_address>
         <size>0xb8</size>
         <input_file_ref idref="fl-3"/>
      </object_component>
      <object_component id="oc-50">
         <name>.debug_pubtypes</name>
         <load_address>0x0</load_address>
         <run_address>0x0</run_address>
         <size>0x48</size>
         <input_file_ref idref="fl-132"/>
      </object_component>
      <object_component id="oc-61">
         <name>.debug_pubtypes</name>
         <load_address>0x48</load_address>
         <run_address>0x48</run_address>
         <size>0x37</size>
         <input_file_ref idref="fl-133"/>
      </object_component>
      <object_component id="oc-6c">
         <name>.debug_pubtypes</name>
         <load_address>0x7f</load_address>
         <run_address>0x7f</run_address>
         <size>0xed</size>
         <input_file_ref idref="fl-2"/>
      </object_component>
      <object_component id="oc-71">
         <name>.debug_pubtypes</name>
         <load_address>0x16c</load_address>
         <run_address>0x16c</run_address>
         <size>0x1c6</size>
         <input_file_ref idref="fl-2"/>
      </object_component>
      <object_component id="oc-81">
         <name>.debug_pubtypes</name>
         <load_address>0x332</load_address>
         <run_address>0x332</run_address>
         <size>0xff</size>
         <input_file_ref idref="fl-139"/>
      </object_component>
      <object_component id="oc-8b">
         <name>.debug_pubtypes</name>
         <load_address>0x431</load_address>
         <run_address>0x431</run_address>
         <size>0xed</size>
         <input_file_ref idref="fl-132"/>
      </object_component>
      <object_component id="oc-92">
         <name>.debug_pubtypes</name>
         <load_address>0x51e</load_address>
         <run_address>0x51e</run_address>
         <size>0xe4</size>
         <input_file_ref idref="fl-137"/>
      </object_component>
      <object_component id="oc-98">
         <name>.debug_pubtypes</name>
         <load_address>0x602</load_address>
         <run_address>0x602</run_address>
         <size>0x37</size>
         <input_file_ref idref="fl-132"/>
      </object_component>
      <object_component id="oc-9e">
         <name>.debug_pubtypes</name>
         <load_address>0x639</load_address>
         <run_address>0x639</run_address>
         <size>0x1d</size>
         <input_file_ref idref="fl-133"/>
      </object_component>
      <object_component id="oc-a5">
         <name>.debug_pubtypes</name>
         <load_address>0x656</load_address>
         <run_address>0x656</run_address>
         <size>0xe4</size>
         <input_file_ref idref="fl-133"/>
      </object_component>
      <object_component id="oc-ca">
         <name>.debug_pubtypes</name>
         <load_address>0x73a</load_address>
         <run_address>0x73a</run_address>
         <size>0x50</size>
         <input_file_ref idref="fl-13b"/>
      </object_component>
      <object_component id="oc-f7">
         <name>.debug_pubtypes</name>
         <load_address>0x78a</load_address>
         <run_address>0x78a</run_address>
         <size>0x31</size>
         <input_file_ref idref="fl-3"/>
      </object_component>
   </object_component_list>
   <logical_group_list>
      <logical_group id="lg-3">
         <name>.intvecs</name>
         <load_address>0x0</load_address>
         <run_address>0x0</run_address>
         <size>0x26c</size>
         <contents>
            <object_component_ref idref="oc-e"/>
         </contents>
      </logical_group>
      <logical_group id="lg-4">
         <name>.text</name>
         <load_address>0x26c</load_address>
         <run_address>0x26c</run_address>
         <size>0x4c0</size>
         <contents>
            <object_component_ref idref="oc-47"/>
            <object_component_ref idref="oc-38"/>
            <object_component_ref idref="oc-77"/>
            <object_component_ref idref="oc-af"/>
            <object_component_ref idref="oc-57"/>
            <object_component_ref idref="oc-2b"/>
            <object_component_ref idref="oc-d2"/>
            <object_component_ref idref="oc-10"/>
            <object_component_ref idref="oc-72"/>
            <object_component_ref idref="oc-40"/>
            <object_component_ref idref="oc-cb"/>
            <object_component_ref idref="oc-f9"/>
            <object_component_ref idref="oc-aa"/>
            <object_component_ref idref="oc-3c"/>
            <object_component_ref idref="oc-ea"/>
            <object_component_ref idref="oc-b6"/>
            <object_component_ref idref="oc-d7"/>
            <object_component_ref idref="oc-dc"/>
            <object_component_ref idref="oc-14"/>
            <object_component_ref idref="oc-21"/>
            <object_component_ref idref="oc-d0"/>
            <object_component_ref idref="oc-1c"/>
            <object_component_ref idref="oc-30"/>
            <object_component_ref idref="oc-26"/>
         </contents>
      </logical_group>
      <logical_group id="lg-5">
         <name>.const</name>
         <load_address>0x72c</load_address>
         <run_address>0x72c</run_address>
         <size>0x152</size>
         <contents>
            <object_component_ref idref="oc-ff"/>
         </contents>
      </logical_group>
      <logical_group id="lg-6">
         <name>.cinit</name>
         <load_address>0x880</load_address>
         <run_address>0x880</run_address>
         <size>0x64</size>
         <contents>
            <object_component_ref idref="oc-11f"/>
            <object_component_ref idref="oc-11d"/>
            <object_component_ref idref="oc-11e"/>
         </contents>
      </logical_group>
      <logical_group id="lg-7">
         <name>.pinit</name>
         <run_address>0x0</run_address>
         <size>0x0</size>
         <contents>
         </contents>
      </logical_group>
      <logical_group id="lg-8">
         <name>.init_array</name>
         <run_address>0x0</run_address>
         <size>0x0</size>
         <contents>
         </contents>
      </logical_group>
      <logical_group id="lg-9">
         <name>.vtable</name>
         <run_address>0x0</run_address>
         <size>0x0</size>
         <contents>
         </contents>
      </logical_group>
      <logical_group id="lg-a">
         <name>.data</name>
         <load_address>0x20000100</load_address>
         <run_address>0x20000100</run_address>
         <size>0x58</size>
         <contents>
            <object_component_ref idref="oc-44"/>
            <object_component_ref idref="oc-82"/>
            <object_component_ref idref="oc-84"/>
            <object_component_ref idref="oc-ef"/>
         </contents>
      </logical_group>
      <logical_group id="lg-b">
         <name>.bss</name>
         <run_address>0x0</run_address>
         <size>0x0</size>
         <contents>
         </contents>
      </logical_group>
      <logical_group id="lg-c">
         <name>.sysmem</name>
         <run_address>0x0</run_address>
         <size>0x0</size>
         <contents>
         </contents>
      </logical_group>
      <logical_group id="lg-d">
         <name>.stack</name>
         <run_address>0x20000000</run_address>
         <size>0x100</size>
         <contents>
            <object_component_ref idref="oc-20"/>
            <object_component_ref idref="oc-120"/>
         </contents>
      </logical_group>
      <logical_group id="lg-10f">
         <name>.debug_info</name>
         <load_address>0x0</load_address>
         <run_address>0x0</run_address>
         <size>0x315f</size>
         <contents>
            <object_component_ref idref="oc-f"/>
            <object_component_ref idref="oc-11"/>
            <object_component_ref idref="oc-15"/>
            <object_component_ref idref="oc-1d"/>
            <object_component_ref idref="oc-22"/>
            <object_component_ref idref="oc-27"/>
            <object_component_ref idref="oc-2c"/>
            <object_component_ref idref="oc-31"/>
            <object_component_ref idref="oc-37"/>
            <object_component_ref idref="oc-39"/>
            <object_component_ref idref="oc-3d"/>
            <object_component_ref idref="oc-41"/>
            <object_component_ref idref="oc-45"/>
            <object_component_ref idref="oc-48"/>
            <object_component_ref idref="oc-4c"/>
            <object_component_ref idref="oc-58"/>
            <object_component_ref idref="oc-5c"/>
            <object_component_ref idref="oc-5d"/>
            <object_component_ref idref="oc-68"/>
            <object_component_ref idref="oc-6d"/>
            <object_component_ref idref="oc-73"/>
            <object_component_ref idref="oc-78"/>
            <object_component_ref idref="oc-7d"/>
            <object_component_ref idref="oc-83"/>
            <object_component_ref idref="oc-85"/>
            <object_component_ref idref="oc-87"/>
            <object_component_ref idref="oc-8e"/>
            <object_component_ref idref="oc-94"/>
            <object_component_ref idref="oc-99"/>
            <object_component_ref idref="oc-9a"/>
            <object_component_ref idref="oc-a1"/>
            <object_component_ref idref="oc-a9"/>
            <object_component_ref idref="oc-ab"/>
            <object_component_ref idref="oc-b0"/>
            <object_component_ref idref="oc-b5"/>
            <object_component_ref idref="oc-b7"/>
            <object_component_ref idref="oc-bc"/>
            <object_component_ref idref="oc-bf"/>
            <object_component_ref idref="oc-c6"/>
            <object_component_ref idref="oc-cc"/>
            <object_component_ref idref="oc-d3"/>
            <object_component_ref idref="oc-d8"/>
            <object_component_ref idref="oc-dd"/>
            <object_component_ref idref="oc-eb"/>
            <object_component_ref idref="oc-f0"/>
            <object_component_ref idref="oc-f3"/>
            <object_component_ref idref="oc-fa"/>
            <object_component_ref idref="oc-121"/>
         </contents>
      </logical_group>
      <logical_group id="lg-111">
         <name>.debug_line</name>
         <load_address>0x0</load_address>
         <run_address>0x0</run_address>
         <size>0xc45</size>
         <contents>
            <object_component_ref idref="oc-12"/>
            <object_component_ref idref="oc-16"/>
            <object_component_ref idref="oc-1e"/>
            <object_component_ref idref="oc-23"/>
            <object_component_ref idref="oc-28"/>
            <object_component_ref idref="oc-2d"/>
            <object_component_ref idref="oc-32"/>
            <object_component_ref idref="oc-36"/>
            <object_component_ref idref="oc-3a"/>
            <object_component_ref idref="oc-3e"/>
            <object_component_ref idref="oc-42"/>
            <object_component_ref idref="oc-49"/>
            <object_component_ref idref="oc-4e"/>
            <object_component_ref idref="oc-59"/>
            <object_component_ref idref="oc-5f"/>
            <object_component_ref idref="oc-67"/>
            <object_component_ref idref="oc-6a"/>
            <object_component_ref idref="oc-6f"/>
            <object_component_ref idref="oc-74"/>
            <object_component_ref idref="oc-79"/>
            <object_component_ref idref="oc-7f"/>
            <object_component_ref idref="oc-89"/>
            <object_component_ref idref="oc-8d"/>
            <object_component_ref idref="oc-90"/>
            <object_component_ref idref="oc-96"/>
            <object_component_ref idref="oc-9c"/>
            <object_component_ref idref="oc-a3"/>
            <object_component_ref idref="oc-a7"/>
            <object_component_ref idref="oc-ac"/>
            <object_component_ref idref="oc-b1"/>
            <object_component_ref idref="oc-b8"/>
            <object_component_ref idref="oc-bb"/>
            <object_component_ref idref="oc-be"/>
            <object_component_ref idref="oc-c1"/>
            <object_component_ref idref="oc-c5"/>
            <object_component_ref idref="oc-c8"/>
            <object_component_ref idref="oc-cd"/>
            <object_component_ref idref="oc-d4"/>
            <object_component_ref idref="oc-d9"/>
            <object_component_ref idref="oc-de"/>
            <object_component_ref idref="oc-e3"/>
            <object_component_ref idref="oc-e6"/>
            <object_component_ref idref="oc-e8"/>
            <object_component_ref idref="oc-ec"/>
            <object_component_ref idref="oc-f5"/>
            <object_component_ref idref="oc-fb"/>
            <object_component_ref idref="oc-101"/>
         </contents>
      </logical_group>
      <logical_group id="lg-113">
         <name>.debug_aranges</name>
         <load_address>0x0</load_address>
         <run_address>0x0</run_address>
         <size>0x308</size>
         <contents>
            <object_component_ref idref="oc-13"/>
            <object_component_ref idref="oc-17"/>
            <object_component_ref idref="oc-1f"/>
            <object_component_ref idref="oc-25"/>
            <object_component_ref idref="oc-2a"/>
            <object_component_ref idref="oc-2f"/>
            <object_component_ref idref="oc-34"/>
            <object_component_ref idref="oc-3b"/>
            <object_component_ref idref="oc-3f"/>
            <object_component_ref idref="oc-43"/>
            <object_component_ref idref="oc-4a"/>
            <object_component_ref idref="oc-5a"/>
            <object_component_ref idref="oc-75"/>
            <object_component_ref idref="oc-7b"/>
            <object_component_ref idref="oc-ae"/>
            <object_component_ref idref="oc-b3"/>
            <object_component_ref idref="oc-b9"/>
            <object_component_ref idref="oc-cf"/>
            <object_component_ref idref="oc-d6"/>
            <object_component_ref idref="oc-db"/>
            <object_component_ref idref="oc-e0"/>
            <object_component_ref idref="oc-ee"/>
            <object_component_ref idref="oc-fd"/>
         </contents>
      </logical_group>
      <logical_group id="lg-115">
         <name>.debug_frame</name>
         <load_address>0x0</load_address>
         <run_address>0x0</run_address>
         <size>0x6ad</size>
         <contents>
            <object_component_ref idref="oc-24"/>
            <object_component_ref idref="oc-29"/>
            <object_component_ref idref="oc-2e"/>
            <object_component_ref idref="oc-33"/>
            <object_component_ref idref="oc-7a"/>
            <object_component_ref idref="oc-ad"/>
            <object_component_ref idref="oc-b2"/>
            <object_component_ref idref="oc-ce"/>
            <object_component_ref idref="oc-d5"/>
            <object_component_ref idref="oc-da"/>
            <object_component_ref idref="oc-df"/>
            <object_component_ref idref="oc-ed"/>
            <object_component_ref idref="oc-fc"/>
         </contents>
      </logical_group>
      <logical_group id="lg-117">
         <name>.debug_abbrev</name>
         <load_address>0x0</load_address>
         <run_address>0x0</run_address>
         <size>0xe8a</size>
         <contents>
            <object_component_ref idref="oc-35"/>
            <object_component_ref idref="oc-46"/>
            <object_component_ref idref="oc-4b"/>
            <object_component_ref idref="oc-4d"/>
            <object_component_ref idref="oc-5b"/>
            <object_component_ref idref="oc-5e"/>
            <object_component_ref idref="oc-62"/>
            <object_component_ref idref="oc-63"/>
            <object_component_ref idref="oc-64"/>
            <object_component_ref idref="oc-65"/>
            <object_component_ref idref="oc-66"/>
            <object_component_ref idref="oc-69"/>
            <object_component_ref idref="oc-6e"/>
            <object_component_ref idref="oc-76"/>
            <object_component_ref idref="oc-7c"/>
            <object_component_ref idref="oc-7e"/>
            <object_component_ref idref="oc-86"/>
            <object_component_ref idref="oc-88"/>
            <object_component_ref idref="oc-8c"/>
            <object_component_ref idref="oc-8f"/>
            <object_component_ref idref="oc-93"/>
            <object_component_ref idref="oc-95"/>
            <object_component_ref idref="oc-9b"/>
            <object_component_ref idref="oc-a0"/>
            <object_component_ref idref="oc-a2"/>
            <object_component_ref idref="oc-a6"/>
            <object_component_ref idref="oc-a8"/>
            <object_component_ref idref="oc-b4"/>
            <object_component_ref idref="oc-ba"/>
            <object_component_ref idref="oc-bd"/>
            <object_component_ref idref="oc-c0"/>
            <object_component_ref idref="oc-c4"/>
            <object_component_ref idref="oc-c7"/>
            <object_component_ref idref="oc-d1"/>
            <object_component_ref idref="oc-e1"/>
            <object_component_ref idref="oc-e2"/>
            <object_component_ref idref="oc-e4"/>
            <object_component_ref idref="oc-e5"/>
            <object_component_ref idref="oc-e7"/>
            <object_component_ref idref="oc-e9"/>
            <object_component_ref idref="oc-f1"/>
            <object_component_ref idref="oc-f2"/>
            <object_component_ref idref="oc-f4"/>
            <object_component_ref idref="oc-f8"/>
            <object_component_ref idref="oc-fe"/>
            <object_component_ref idref="oc-100"/>
            <object_component_ref idref="oc-102"/>
            <object_component_ref idref="oc-122"/>
         </contents>
      </logical_group>
      <logical_group id="lg-119">
         <name>.debug_str</name>
         <load_address>0x0</load_address>
         <run_address>0x0</run_address>
         <size>0xb85</size>
         <contents>
            <object_component_ref idref="oc-4f"/>
            <object_component_ref idref="oc-60"/>
            <object_component_ref idref="oc-6b"/>
            <object_component_ref idref="oc-70"/>
            <object_component_ref idref="oc-80"/>
            <object_component_ref idref="oc-8a"/>
            <object_component_ref idref="oc-91"/>
            <object_component_ref idref="oc-97"/>
            <object_component_ref idref="oc-9d"/>
            <object_component_ref idref="oc-a4"/>
            <object_component_ref idref="oc-c9"/>
            <object_component_ref idref="oc-f6"/>
         </contents>
      </logical_group>
      <logical_group id="lg-11b">
         <name>.debug_pubtypes</name>
         <load_address>0x0</load_address>
         <run_address>0x0</run_address>
         <size>0x7bb</size>
         <contents>
            <object_component_ref idref="oc-50"/>
            <object_component_ref idref="oc-61"/>
            <object_component_ref idref="oc-6c"/>
            <object_component_ref idref="oc-71"/>
            <object_component_ref idref="oc-81"/>
            <object_component_ref idref="oc-8b"/>
            <object_component_ref idref="oc-92"/>
            <object_component_ref idref="oc-98"/>
            <object_component_ref idref="oc-9e"/>
            <object_component_ref idref="oc-a5"/>
            <object_component_ref idref="oc-ca"/>
            <object_component_ref idref="oc-f7"/>
         </contents>
      </logical_group>
      <load_segment id="lg-124">
         <name>SEGMENT_0</name>
         <load_address>0x0</load_address>
         <run_address>0x0</run_address>
         <size>0x8e4</size>
         <flags>0x5</flags>
         <contents>
            <logical_group_ref idref="lg-3"/>
            <logical_group_ref idref="lg-4"/>
            <logical_group_ref idref="lg-5"/>
            <logical_group_ref idref="lg-6"/>
         </contents>
      </load_segment>
      <load_segment id="lg-125">
         <name>SEGMENT_1</name>
         <run_address>0x20000000</run_address>
         <size>0x100</size>
         <flags>0x6</flags>
         <contents>
            <logical_group_ref idref="lg-d"/>
         </contents>
      </load_segment>
      <load_segment id="lg-126">
         <name>SEGMENT_2</name>
         <load_address>0x20000100</load_address>
         <run_address>0x20000100</run_address>
         <size>0x58</size>
         <flags>0x6</flags>
         <contents>
            <logical_group_ref idref="lg-a"/>
         </contents>
      </load_segment>
   </logical_group_list>
   <placement_map>
      <memory_area>
         <name>FLASH</name>
         <page_id>0x0</page_id>
         <origin>0x0</origin>
         <length>0x40000</length>
         <used_space>0x8e2</used_space>
         <unused_space>0x3f71e</unused_space>
         <attributes>RX</attributes>
         <usage_details>
            <allocated_space>
               <start_address>0x0</start_address>
               <size>0x26c</size>
               <logical_group_ref idref="lg-3"/>
            </allocated_space>
            <allocated_space>
               <start_address>0x26c</start_address>
               <size>0x4c0</size>
               <logical_group_ref idref="lg-4"/>
            </allocated_space>
            <allocated_space>
               <start_address>0x72c</start_address>
               <size>0x152</size>
               <logical_group_ref idref="lg-5"/>
            </allocated_space>
            <available_space>
               <start_address>0x87e</start_address>
               <size>0x2</size>
            </available_space>
            <allocated_space>
               <start_address>0x880</start_address>
               <size>0x64</size>
               <logical_group_ref idref="lg-6"/>
            </allocated_space>
            <available_space>
               <start_address>0x8e4</start_address>
               <size>0x3f71c</size>
            </available_space>
         </usage_details>
      </memory_area>
      <memory_area>
         <name>SRAM</name>
         <page_id>0x0</page_id>
         <origin>0x20000000</origin>
         <length>0x8000</length>
         <used_space>0x158</used_space>
         <unused_space>0x7ea8</unused_space>
         <attributes>RWX</attributes>
         <usage_details>
            <allocated_space>
               <start_address>0x20000000</start_address>
               <size>0x100</size>
               <logical_group_ref idref="lg-d"/>
            </allocated_space>
            <allocated_space>
               <start_address>0x20000100</start_address>
               <size>0x58</size>
               <logical_group_ref idref="lg-a"/>
            </allocated_space>
            <available_space>
               <start_address>0x20000158</start_address>
               <size>0x7ea8</size>
            </available_space>
         </usage_details>
      </memory_area>
   </placement_map>
   <cptbl_list>
      <cptbl>
         <name>__TI_cinit_table</name>
         <cprec>
            <name>.data</name>
            <load_address>0x880</load_address>
            <load_size>0x53</load_size>
            <run_address>0x20000100</run_address>
            <run_size>0x58</run_size>
            <compression>rle</compression>
         </cprec>
      </cptbl>
   </cptbl_list>
   <handler_table>
      <handler_table_name>__TI_handler_table</handler_table_name>
      <handler>
         <index>0x0</index>
         <name>__TI_decompress_rle24</name>
      </handler>
      <handler>
         <index>0x1</index>
         <name>__TI_decompress_none</name>
      </handler>
   </handler_table>
   <symbol_table>
      <symbol id="sm-1">
         <name>__STACK_TOP</name>
         <value>0x20000100</value>
      </symbol>
      <symbol id="sm-2">
         <name>__TI_CINIT_Base</name>
         <value>0x8dc</value>
      </symbol>
      <symbol id="sm-3">
         <name>__TI_CINIT_Limit</name>
         <value>0x8e4</value>
      </symbol>
      <symbol id="sm-4">
         <name>__TI_Handler_Table_Base</name>
         <value>0x8d4</value>
      </symbol>
      <symbol id="sm-5">
         <name>__TI_Handler_Table_Limit</name>
         <value>0x8dc</value>
      </symbol>
      <symbol id="sm-6">
         <name>binit</name>
         <value>0xffffffff</value>
      </symbol>
      <symbol id="sm-7">
         <name>__binit__</name>
         <value>0xffffffff</value>
      </symbol>
      <symbol id="sm-8">
         <name>__STACK_SIZE</name>
         <value>0x100</value>
      </symbol>
      <symbol id="sm-9">
         <name>__STACK_END</name>
         <value>0x20000100</value>
      </symbol>
      <symbol id="sm-a">
         <name>__c_args__</name>
         <value>0xffffffff</value>
      </symbol>
      <symbol id="sm-52">
         <name>ResetISR</name>
         <value>0x717</value>
         <object_component_ref idref="oc-21"/>
      </symbol>
      <symbol id="sm-53">
         <name>g_pfnVectors</name>
         <value>0x0</value>
         <object_component_ref idref="oc-e"/>
      </symbol>
      <symbol id="sm-d0">
         <name>isPressedDown</name>
         <value>0x6e9</value>
         <object_component_ref idref="oc-d7"/>
      </symbol>
      <symbol id="sm-d1">
         <name>writeDataToPort</name>
         <value>0x601</value>
         <object_component_ref idref="oc-cb"/>
      </symbol>
      <symbol id="sm-d2">
         <name>LcdCommandWrite</name>
         <value>0x675</value>
         <object_component_ref idref="oc-aa"/>
      </symbol>
      <symbol id="sm-d3">
         <name>c</name>
         <value>0x20000100</value>
         <object_component_ref idref="oc-ef"/>
      </symbol>
      <symbol id="sm-d4">
         <name>nextString</name>
         <value>0x4e5</value>
         <object_component_ref idref="oc-d2"/>
      </symbol>
      <symbol id="sm-d5">
         <name>main</name>
         <value>0x39d</value>
         <object_component_ref idref="oc-77"/>
      </symbol>
      <symbol id="sm-d6">
         <name>LcdDataWrite</name>
         <value>0x63d</value>
         <object_component_ref idref="oc-f9"/>
      </symbol>
      <symbol id="sm-d7">
         <name>init</name>
         <value>0x425</value>
         <object_component_ref idref="oc-af"/>
      </symbol>
      <symbol id="sm-d8">
         <name>writeString</name>
         <value>0x6bd</value>
         <object_component_ref idref="oc-ea"/>
      </symbol>
      <symbol id="sm-d9">
         <name>isPressedUp</name>
         <value>0x6f9</value>
         <object_component_ref idref="oc-dc"/>
      </symbol>
      <symbol id="sm-e8">
         <name>_c_int00</name>
         <value>0x535</value>
         <object_component_ref idref="oc-10"/>
      </symbol>
      <symbol id="sm-e9">
         <name>__stack</name>
         <value>0x20000000</value>
         <object_component_ref idref="oc-20"/>
      </symbol>
      <symbol id="sm-103">
         <name>__TI_decompress_none</name>
         <value>0x709</value>
         <object_component_ref idref="oc-14"/>
      </symbol>
      <symbol id="sm-12d">
         <name>__TI_decompress_rle24</name>
         <value>0x723</value>
         <object_component_ref idref="oc-1c"/>
      </symbol>
      <symbol id="sm-149">
         <name>C$$EXIT</name>
         <value>0x5c1</value>
         <object_component_ref idref="oc-40"/>
      </symbol>
      <symbol id="sm-14a">
         <name>_dtors_ptr</name>
         <value>0x20000150</value>
         <object_component_ref idref="oc-84"/>
      </symbol>
      <symbol id="sm-14b">
         <name>abort</name>
         <value>0x5c5</value>
         <object_component_ref idref="oc-40"/>
      </symbol>
      <symbol id="sm-14c">
         <name>_cleanup_ptr</name>
         <value>0x2000014c</value>
         <object_component_ref idref="oc-84"/>
      </symbol>
      <symbol id="sm-14d">
         <name>exit</name>
         <value>0x5cd</value>
         <object_component_ref idref="oc-40"/>
      </symbol>
      <symbol id="sm-162">
         <name>memcpy</name>
         <value>0x26d</value>
         <object_component_ref idref="oc-47"/>
      </symbol>
      <symbol id="sm-163">
         <name>__aeabi_memcpy</name>
         <value>0x26d</value>
         <object_component_ref idref="oc-47"/>
      </symbol>
      <symbol id="sm-164">
         <name>__aeabi_memcpy8</name>
         <value>0x26d</value>
         <object_component_ref idref="oc-47"/>
      </symbol>
      <symbol id="sm-165">
         <name>__aeabi_memcpy4</name>
         <value>0x26d</value>
         <object_component_ref idref="oc-47"/>
      </symbol>
      <symbol id="sm-171">
         <name>main_func_sp</name>
         <value>0x20000154</value>
         <object_component_ref idref="oc-44"/>
      </symbol>
      <symbol id="sm-186">
         <name>_nop</name>
         <value>0x6e3</value>
         <object_component_ref idref="oc-b6"/>
      </symbol>
      <symbol id="sm-187">
         <name>_lock</name>
         <value>0x20000144</value>
         <object_component_ref idref="oc-82"/>
      </symbol>
      <symbol id="sm-188">
         <name>_unlock</name>
         <value>0x20000148</value>
         <object_component_ref idref="oc-82"/>
      </symbol>
      <symbol id="sm-189">
         <name>_register_lock</name>
         <value>0x6db</value>
         <object_component_ref idref="oc-b6"/>
      </symbol>
      <symbol id="sm-18a">
         <name>_register_unlock</name>
         <value>0x6d5</value>
         <object_component_ref idref="oc-b6"/>
      </symbol>
      <symbol id="sm-199">
         <name>_args_main</name>
         <value>0x6a5</value>
         <object_component_ref idref="oc-3c"/>
      </symbol>
      <symbol id="sm-1b3">
         <name>__TI_auto_init</name>
         <value>0x309</value>
         <object_component_ref idref="oc-38"/>
      </symbol>
      <symbol id="sm-1ca">
         <name>copy_in</name>
         <value>0x57d</value>
         <object_component_ref idref="oc-72"/>
      </symbol>
      <symbol id="sm-1ce">
         <name>SysCtlDelay</name>
         <value>0x71d</value>
         <object_component_ref idref="oc-d0"/>
      </symbol>
      <symbol id="sm-1d1">
         <name>__TI_static_base__</name>
         <value>0x0</value>
      </symbol>
      <symbol id="sm-1d2">
         <name>__TI_args_main</name>
         <value>0x1</value>
      </symbol>
      <symbol id="sm-1d3">
         <name>SHT$$INIT_ARRAY$$Limit</name>
         <value>0x0</value>
      </symbol>
      <symbol id="sm-1d4">
         <name>SHT$$INIT_ARRAY$$Base</name>
         <value>0x0</value>
      </symbol>
      <symbol id="sm-1d8">
         <name>menuUp</name>
         <value>0x4e5</value>
      </symbol>
      <symbol id="sm-1d9">
         <name>menuDown</name>
         <value>0x4e5</value>
      </symbol>
   </symbol_table>
</link_info>
