<?xml version="1.0"?>
<link_info>
   <banner>TI ARM Linker PC v5.1.1</banner>
   <copyright>Copyright (c) 1996-2013 Texas Instruments Incorporated</copyright>
   <link_time>0x523bf299</link_time>
   <link_errors>0x1</link_errors>
   <output_file>blinky.out</output_file>
   <entry_point>
      <name>_c_int00</name>
      <address>0x455</address>
   </entry_point>
   <input_file_list>
      <input_file id="fl-2">
         <path>.\</path>
         <kind>object</kind>
         <file>switchPoll.obj</file>
         <name>switchPoll.obj</name>
      </input_file>
      <input_file id="fl-3">
         <path>.\</path>
         <kind>object</kind>
         <file>startup_ccs.obj</file>
         <name>startup_ccs.obj</name>
      </input_file>
      <input_file id="fl-4">
         <path>.\</path>
         <kind>object</kind>
         <file>blinkTheLed.obj</file>
         <name>blinkTheLed.obj</name>
      </input_file>
      <input_file id="fl-131">
         <path>C:\Program Files\CodeComposer-v5.5\ccsv5\tools\compiler\arm_5.1.1\lib\</path>
         <kind>archive</kind>
         <file>rtsv7M4_T_le_v4SPD16_eabi.lib</file>
         <name>boot.obj</name>
      </input_file>
      <input_file id="fl-132">
         <path>C:\Program Files\CodeComposer-v5.5\ccsv5\tools\compiler\arm_5.1.1\lib\</path>
         <kind>archive</kind>
         <file>rtsv7M4_T_le_v4SPD16_eabi.lib</file>
         <name>copy_decompress_none.obj</name>
      </input_file>
      <input_file id="fl-133">
         <path>C:\Program Files\CodeComposer-v5.5\ccsv5\tools\compiler\arm_5.1.1\lib\</path>
         <kind>archive</kind>
         <file>rtsv7M4_T_le_v4SPD16_eabi.lib</file>
         <name>copy_decompress_rle.obj</name>
      </input_file>
      <input_file id="fl-134">
         <path>C:\Program Files\CodeComposer-v5.5\ccsv5\tools\compiler\arm_5.1.1\lib\</path>
         <kind>archive</kind>
         <file>rtsv7M4_T_le_v4SPD16_eabi.lib</file>
         <name>copy_zero_init.obj</name>
      </input_file>
      <input_file id="fl-135">
         <path>C:\Program Files\CodeComposer-v5.5\ccsv5\tools\compiler\arm_5.1.1\lib\</path>
         <kind>archive</kind>
         <file>rtsv7M4_T_le_v4SPD16_eabi.lib</file>
         <name>exit.obj</name>
      </input_file>
      <input_file id="fl-136">
         <path>C:\Program Files\CodeComposer-v5.5\ccsv5\tools\compiler\arm_5.1.1\lib\</path>
         <kind>archive</kind>
         <file>rtsv7M4_T_le_v4SPD16_eabi.lib</file>
         <name>memcpy_t2.obj</name>
      </input_file>
      <input_file id="fl-137">
         <path>C:\Program Files\CodeComposer-v5.5\ccsv5\tools\compiler\arm_5.1.1\lib\</path>
         <kind>archive</kind>
         <file>rtsv7M4_T_le_v4SPD16_eabi.lib</file>
         <name>stkdepth_vars.obj</name>
      </input_file>
      <input_file id="fl-138">
         <path>C:\Program Files\CodeComposer-v5.5\ccsv5\tools\compiler\arm_5.1.1\lib\</path>
         <kind>archive</kind>
         <file>rtsv7M4_T_le_v4SPD16_eabi.lib</file>
         <name>_lock.obj</name>
      </input_file>
      <input_file id="fl-139">
         <path>C:\Program Files\CodeComposer-v5.5\ccsv5\tools\compiler\arm_5.1.1\lib\</path>
         <kind>archive</kind>
         <file>rtsv7M4_T_le_v4SPD16_eabi.lib</file>
         <name>args_main.obj</name>
      </input_file>
      <input_file id="fl-13a">
         <path>C:\Program Files\CodeComposer-v5.5\ccsv5\tools\compiler\arm_5.1.1\lib\</path>
         <kind>archive</kind>
         <file>rtsv7M4_T_le_v4SPD16_eabi.lib</file>
         <name>auto_init.obj</name>
      </input_file>
      <input_file id="fl-13b">
         <path>C:\Program Files\CodeComposer-v5.5\ccsv5\tools\compiler\arm_5.1.1\lib\</path>
         <kind>archive</kind>
         <file>rtsv7M4_T_le_v4SPD16_eabi.lib</file>
         <name>cpy_tbl.obj</name>
      </input_file>
   </input_file_list>
   <object_component_list>
      <object_component id="oc-e">
         <name>.intvecs</name>
         <load_address>0x0</load_address>
         <run_address>0x0</run_address>
         <size>0x26c</size>
         <input_file_ref idref="fl-3"/>
      </object_component>
      <object_component id="oc-4c">
         <name>.text</name>
         <load_address>0x26c</load_address>
         <run_address>0x26c</run_address>
         <size>0x9c</size>
         <input_file_ref idref="fl-136"/>
      </object_component>
      <object_component id="oc-3b">
         <name>.text</name>
         <load_address>0x308</load_address>
         <run_address>0x308</run_address>
         <size>0x94</size>
         <input_file_ref idref="fl-13a"/>
      </object_component>
      <object_component id="oc-5e">
         <name>.text</name>
         <load_address>0x39c</load_address>
         <run_address>0x39c</run_address>
         <size>0x5e</size>
         <input_file_ref idref="fl-133"/>
      </object_component>
      <object_component id="oc-2e">
         <name>.text:FaultISR</name>
         <load_address>0x3fa</load_address>
         <run_address>0x3fa</run_address>
         <size>0x2</size>
         <input_file_ref idref="fl-3"/>
      </object_component>
      <object_component id="oc-80">
         <name>.text:main</name>
         <load_address>0x3fc</load_address>
         <run_address>0x3fc</run_address>
         <size>0x58</size>
         <input_file_ref idref="fl-2"/>
      </object_component>
      <object_component id="oc-10">
         <name>.text</name>
         <load_address>0x454</load_address>
         <run_address>0x454</run_address>
         <size>0x48</size>
         <input_file_ref idref="fl-131"/>
      </object_component>
      <object_component id="oc-7a">
         <name>.text</name>
         <load_address>0x49c</load_address>
         <run_address>0x49c</run_address>
         <size>0x44</size>
         <input_file_ref idref="fl-13b"/>
      </object_component>
      <object_component id="oc-44">
         <name>.text</name>
         <load_address>0x4e0</load_address>
         <run_address>0x4e0</run_address>
         <size>0x44</size>
         <input_file_ref idref="fl-135"/>
      </object_component>
      <object_component id="oc-3f">
         <name>.text</name>
         <load_address>0x524</load_address>
         <run_address>0x524</run_address>
         <size>0x18</size>
         <input_file_ref idref="fl-139"/>
      </object_component>
      <object_component id="oc-ac">
         <name>.text</name>
         <load_address>0x53c</load_address>
         <run_address>0x53c</run_address>
         <size>0x14</size>
         <input_file_ref idref="fl-138"/>
      </object_component>
      <object_component id="oc-14">
         <name>.text:decompress:none</name>
         <load_address>0x550</load_address>
         <run_address>0x550</run_address>
         <size>0xe</size>
         <input_file_ref idref="fl-132"/>
      </object_component>
      <object_component id="oc-24">
         <name>.text:ResetISR</name>
         <load_address>0x55e</load_address>
         <run_address>0x55e</run_address>
         <size>0x6</size>
         <input_file_ref idref="fl-3"/>
      </object_component>
      <object_component id="oc-1e">
         <name>.text:decompress:rle24</name>
         <load_address>0x564</load_address>
         <run_address>0x564</run_address>
         <size>0x6</size>
         <input_file_ref idref="fl-133"/>
      </object_component>
      <object_component id="oc-33">
         <name>.text:IntDefaultHandler</name>
         <load_address>0x56a</load_address>
         <run_address>0x56a</run_address>
         <size>0x2</size>
         <input_file_ref idref="fl-3"/>
      </object_component>
      <object_component id="oc-29">
         <name>.text:NmiSR</name>
         <load_address>0x56c</load_address>
         <run_address>0x56c</run_address>
         <size>0x2</size>
         <input_file_ref idref="fl-3"/>
      </object_component>
      <object_component id="oc-e0">
         <name>.cinit..data.load</name>
         <load_address>0x570</load_address>
         <run_address>0x570</run_address>
         <size>0x9</size>
      </object_component>
      <object_component id="oc-de">
         <name>__TI_handler_table</name>
         <load_address>0x57c</load_address>
         <run_address>0x57c</run_address>
         <size>0x8</size>
      </object_component>
      <object_component id="oc-df">
         <name>__TI_cinit_table</name>
         <load_address>0x584</load_address>
         <run_address>0x584</run_address>
         <size>0x8</size>
      </object_component>
      <object_component id="oc-49">
         <name>.data</name>
         <load_address>0x20000110</load_address>
         <run_address>0x20000110</run_address>
         <size>0x4</size>
         <input_file_ref idref="fl-137"/>
      </object_component>
      <object_component id="oc-87">
         <name>.data</name>
         <load_address>0x20000100</load_address>
         <run_address>0x20000100</run_address>
         <size>0x8</size>
         <input_file_ref idref="fl-138"/>
      </object_component>
      <object_component id="oc-89">
         <name>.data</name>
         <load_address>0x20000108</load_address>
         <run_address>0x20000108</run_address>
         <size>0x8</size>
         <input_file_ref idref="fl-135"/>
      </object_component>
      <object_component id="oc-23">
         <name>.stack</name>
         <uninitialized>true</uninitialized>
         <run_address>0x20000000</run_address>
         <size>0x0</size>
         <input_file_ref idref="fl-131"/>
      </object_component>
      <object_component id="oc-e1">
         <name>.stack</name>
         <uninitialized>true</uninitialized>
         <run_address>0x20000000</run_address>
         <size>0x0</size>
      </object_component>
      <object_component id="oc-f">
         <name>.debug_info</name>
         <load_address>0x0</load_address>
         <run_address>0x0</run_address>
         <size>0xff</size>
         <input_file_ref idref="fl-3"/>
      </object_component>
      <object_component id="oc-13">
         <name>.debug_info</name>
         <load_address>0xff</load_address>
         <run_address>0xff</run_address>
         <size>0xf3</size>
         <input_file_ref idref="fl-131"/>
      </object_component>
      <object_component id="oc-15">
         <name>.debug_info</name>
         <load_address>0x1f2</load_address>
         <run_address>0x1f2</run_address>
         <size>0x194</size>
         <input_file_ref idref="fl-132"/>
      </object_component>
      <object_component id="oc-1f">
         <name>.debug_info</name>
         <load_address>0x386</load_address>
         <run_address>0x386</run_address>
         <size>0x18e</size>
         <input_file_ref idref="fl-133"/>
      </object_component>
      <object_component id="oc-25">
         <name>.debug_info</name>
         <load_address>0x514</load_address>
         <run_address>0x514</run_address>
         <size>0x12f</size>
         <input_file_ref idref="fl-3"/>
      </object_component>
      <object_component id="oc-2a">
         <name>.debug_info</name>
         <load_address>0x643</load_address>
         <run_address>0x643</run_address>
         <size>0x11e</size>
         <input_file_ref idref="fl-3"/>
      </object_component>
      <object_component id="oc-2f">
         <name>.debug_info</name>
         <load_address>0x761</load_address>
         <run_address>0x761</run_address>
         <size>0x126</size>
         <input_file_ref idref="fl-3"/>
      </object_component>
      <object_component id="oc-34">
         <name>.debug_info</name>
         <load_address>0x887</load_address>
         <run_address>0x887</run_address>
         <size>0x138</size>
         <input_file_ref idref="fl-3"/>
      </object_component>
      <object_component id="oc-3a">
         <name>.debug_info</name>
         <load_address>0x9bf</load_address>
         <run_address>0x9bf</run_address>
         <size>0x11a</size>
         <input_file_ref idref="fl-3"/>
      </object_component>
      <object_component id="oc-3d">
         <name>.debug_info</name>
         <load_address>0xad9</load_address>
         <run_address>0xad9</run_address>
         <size>0x13d</size>
         <input_file_ref idref="fl-13a"/>
      </object_component>
      <object_component id="oc-40">
         <name>.debug_info</name>
         <load_address>0xc16</load_address>
         <run_address>0xc16</run_address>
         <size>0x11c</size>
         <input_file_ref idref="fl-139"/>
      </object_component>
      <object_component id="oc-45">
         <name>.debug_info</name>
         <load_address>0xd32</load_address>
         <run_address>0xd32</run_address>
         <size>0x1c2</size>
         <input_file_ref idref="fl-135"/>
      </object_component>
      <object_component id="oc-4a">
         <name>.debug_info</name>
         <load_address>0xef4</load_address>
         <run_address>0xef4</run_address>
         <size>0xbe</size>
         <input_file_ref idref="fl-137"/>
      </object_component>
      <object_component id="oc-4e">
         <name>.debug_info</name>
         <load_address>0xfb2</load_address>
         <run_address>0xfb2</run_address>
         <size>0xcc</size>
         <input_file_ref idref="fl-136"/>
      </object_component>
      <object_component id="oc-51">
         <name>.debug_info</name>
         <load_address>0x107e</load_address>
         <run_address>0x107e</run_address>
         <size>0x46</size>
         <input_file_ref idref="fl-132"/>
      </object_component>
      <object_component id="oc-56">
         <name>.debug_info</name>
         <load_address>0x10c4</load_address>
         <run_address>0x10c4</run_address>
         <size>0xf2</size>
         <input_file_ref idref="fl-132"/>
      </object_component>
      <object_component id="oc-60">
         <name>.debug_info</name>
         <load_address>0x11b6</load_address>
         <run_address>0x11b6</run_address>
         <size>0x1ef</size>
         <input_file_ref idref="fl-133"/>
      </object_component>
      <object_component id="oc-64">
         <name>.debug_info</name>
         <load_address>0x13a5</load_address>
         <run_address>0x13a5</run_address>
         <size>0xb7</size>
         <input_file_ref idref="fl-133"/>
      </object_component>
      <object_component id="oc-65">
         <name>.debug_info</name>
         <load_address>0x145c</load_address>
         <run_address>0x145c</run_address>
         <size>0x39</size>
         <input_file_ref idref="fl-133"/>
      </object_component>
      <object_component id="oc-70">
         <name>.debug_info</name>
         <load_address>0x1495</load_address>
         <run_address>0x1495</run_address>
         <size>0x84</size>
         <input_file_ref idref="fl-2"/>
      </object_component>
      <object_component id="oc-75">
         <name>.debug_info</name>
         <load_address>0x1519</load_address>
         <run_address>0x1519</run_address>
         <size>0x18b</size>
         <input_file_ref idref="fl-2"/>
      </object_component>
      <object_component id="oc-7b">
         <name>.debug_info</name>
         <load_address>0x16a4</load_address>
         <run_address>0x16a4</run_address>
         <size>0x14b</size>
         <input_file_ref idref="fl-13b"/>
      </object_component>
      <object_component id="oc-81">
         <name>.debug_info</name>
         <load_address>0x17ef</load_address>
         <run_address>0x17ef</run_address>
         <size>0x13c</size>
         <input_file_ref idref="fl-2"/>
      </object_component>
      <object_component id="oc-86">
         <name>.debug_info</name>
         <load_address>0x192b</load_address>
         <run_address>0x192b</run_address>
         <size>0x11b</size>
         <input_file_ref idref="fl-139"/>
      </object_component>
      <object_component id="oc-88">
         <name>.debug_info</name>
         <load_address>0x1a46</load_address>
         <run_address>0x1a46</run_address>
         <size>0xc8</size>
         <input_file_ref idref="fl-138"/>
      </object_component>
      <object_component id="oc-8a">
         <name>.debug_info</name>
         <load_address>0x1b0e</load_address>
         <run_address>0x1b0e</run_address>
         <size>0xeb</size>
         <input_file_ref idref="fl-135"/>
      </object_component>
      <object_component id="oc-8c">
         <name>.debug_info</name>
         <load_address>0x1bf9</load_address>
         <run_address>0x1bf9</run_address>
         <size>0x146</size>
         <input_file_ref idref="fl-135"/>
      </object_component>
      <object_component id="oc-90">
         <name>.debug_info</name>
         <load_address>0x1d3f</load_address>
         <run_address>0x1d3f</run_address>
         <size>0x2c</size>
         <input_file_ref idref="fl-132"/>
      </object_component>
      <object_component id="oc-97">
         <name>.debug_info</name>
         <load_address>0x1d6b</load_address>
         <run_address>0x1d6b</run_address>
         <size>0x2c</size>
         <input_file_ref idref="fl-134"/>
      </object_component>
      <object_component id="oc-a2">
         <name>.debug_info</name>
         <load_address>0x1d97</load_address>
         <run_address>0x1d97</run_address>
         <size>0x148</size>
         <input_file_ref idref="fl-13b"/>
      </object_component>
      <object_component id="oc-a4">
         <name>.debug_info</name>
         <load_address>0x1edf</load_address>
         <run_address>0x1edf</run_address>
         <size>0xe0</size>
         <input_file_ref idref="fl-2"/>
      </object_component>
      <object_component id="oc-a7">
         <name>.debug_info</name>
         <load_address>0x1fbf</load_address>
         <run_address>0x1fbf</run_address>
         <size>0x5e</size>
         <input_file_ref idref="fl-139"/>
      </object_component>
      <object_component id="oc-ad">
         <name>.debug_info</name>
         <load_address>0x201d</load_address>
         <run_address>0x201d</run_address>
         <size>0x1d4</size>
         <input_file_ref idref="fl-138"/>
      </object_component>
      <object_component id="oc-b3">
         <name>.debug_info</name>
         <load_address>0x21f1</load_address>
         <run_address>0x21f1</run_address>
         <size>0xd9</size>
         <input_file_ref idref="fl-138"/>
      </object_component>
      <object_component id="oc-ba">
         <name>.debug_info</name>
         <load_address>0x22ca</load_address>
         <run_address>0x22ca</run_address>
         <size>0xcd</size>
         <input_file_ref idref="fl-13b"/>
      </object_component>
      <object_component id="oc-e2">
         <name>.debug_info</name>
         <load_address>0x2397</load_address>
         <run_address>0x2397</run_address>
         <size>0xc6</size>
      </object_component>
      <object_component id="oc-11">
         <name>.debug_aranges</name>
         <load_address>0x0</load_address>
         <run_address>0x0</run_address>
         <size>0x20</size>
         <input_file_ref idref="fl-131"/>
      </object_component>
      <object_component id="oc-16">
         <name>.debug_aranges</name>
         <load_address>0x20</load_address>
         <run_address>0x20</run_address>
         <size>0x20</size>
         <input_file_ref idref="fl-132"/>
      </object_component>
      <object_component id="oc-22">
         <name>.debug_aranges</name>
         <load_address>0x40</load_address>
         <run_address>0x40</run_address>
         <size>0x20</size>
         <input_file_ref idref="fl-133"/>
      </object_component>
      <object_component id="oc-28">
         <name>.debug_aranges</name>
         <load_address>0x60</load_address>
         <run_address>0x60</run_address>
         <size>0x20</size>
         <input_file_ref idref="fl-3"/>
      </object_component>
      <object_component id="oc-2d">
         <name>.debug_aranges</name>
         <load_address>0x80</load_address>
         <run_address>0x80</run_address>
         <size>0x20</size>
         <input_file_ref idref="fl-3"/>
      </object_component>
      <object_component id="oc-32">
         <name>.debug_aranges</name>
         <load_address>0xa0</load_address>
         <run_address>0xa0</run_address>
         <size>0x20</size>
         <input_file_ref idref="fl-3"/>
      </object_component>
      <object_component id="oc-37">
         <name>.debug_aranges</name>
         <load_address>0xc0</load_address>
         <run_address>0xc0</run_address>
         <size>0x20</size>
         <input_file_ref idref="fl-3"/>
      </object_component>
      <object_component id="oc-3e">
         <name>.debug_aranges</name>
         <load_address>0xe0</load_address>
         <run_address>0xe0</run_address>
         <size>0x28</size>
         <input_file_ref idref="fl-13a"/>
      </object_component>
      <object_component id="oc-43">
         <name>.debug_aranges</name>
         <load_address>0x108</load_address>
         <run_address>0x108</run_address>
         <size>0x20</size>
         <input_file_ref idref="fl-139"/>
      </object_component>
      <object_component id="oc-48">
         <name>.debug_aranges</name>
         <load_address>0x128</load_address>
         <run_address>0x128</run_address>
         <size>0x30</size>
         <input_file_ref idref="fl-135"/>
      </object_component>
      <object_component id="oc-4f">
         <name>.debug_aranges</name>
         <load_address>0x158</load_address>
         <run_address>0x158</run_address>
         <size>0x20</size>
         <input_file_ref idref="fl-136"/>
      </object_component>
      <object_component id="oc-5f">
         <name>.debug_aranges</name>
         <load_address>0x178</load_address>
         <run_address>0x178</run_address>
         <size>0x20</size>
         <input_file_ref idref="fl-133"/>
      </object_component>
      <object_component id="oc-7e">
         <name>.debug_aranges</name>
         <load_address>0x198</load_address>
         <run_address>0x198</run_address>
         <size>0x20</size>
         <input_file_ref idref="fl-13b"/>
      </object_component>
      <object_component id="oc-84">
         <name>.debug_aranges</name>
         <load_address>0x1b8</load_address>
         <run_address>0x1b8</run_address>
         <size>0x20</size>
         <input_file_ref idref="fl-2"/>
      </object_component>
      <object_component id="oc-b0">
         <name>.debug_aranges</name>
         <load_address>0x1d8</load_address>
         <run_address>0x1d8</run_address>
         <size>0x30</size>
         <input_file_ref idref="fl-138"/>
      </object_component>
      <object_component id="oc-12">
         <name>.debug_line</name>
         <load_address>0x0</load_address>
         <run_address>0x0</run_address>
         <size>0x4f</size>
         <input_file_ref idref="fl-131"/>
      </object_component>
      <object_component id="oc-17">
         <name>.debug_line</name>
         <load_address>0x4f</load_address>
         <run_address>0x4f</run_address>
         <size>0x55</size>
         <input_file_ref idref="fl-132"/>
      </object_component>
      <object_component id="oc-21">
         <name>.debug_line</name>
         <load_address>0xa4</load_address>
         <run_address>0xa4</run_address>
         <size>0x4b</size>
         <input_file_ref idref="fl-133"/>
      </object_component>
      <object_component id="oc-26">
         <name>.debug_line</name>
         <load_address>0xef</load_address>
         <run_address>0xef</run_address>
         <size>0x46</size>
         <input_file_ref idref="fl-3"/>
      </object_component>
      <object_component id="oc-2b">
         <name>.debug_line</name>
         <load_address>0x135</load_address>
         <run_address>0x135</run_address>
         <size>0x49</size>
         <input_file_ref idref="fl-3"/>
      </object_component>
      <object_component id="oc-30">
         <name>.debug_line</name>
         <load_address>0x17e</load_address>
         <run_address>0x17e</run_address>
         <size>0x49</size>
         <input_file_ref idref="fl-3"/>
      </object_component>
      <object_component id="oc-35">
         <name>.debug_line</name>
         <load_address>0x1c7</load_address>
         <run_address>0x1c7</run_address>
         <size>0x49</size>
         <input_file_ref idref="fl-3"/>
      </object_component>
      <object_component id="oc-39">
         <name>.debug_line</name>
         <load_address>0x210</load_address>
         <run_address>0x210</run_address>
         <size>0x34</size>
         <input_file_ref idref="fl-3"/>
      </object_component>
      <object_component id="oc-3c">
         <name>.debug_line</name>
         <load_address>0x244</load_address>
         <run_address>0x244</run_address>
         <size>0x87</size>
         <input_file_ref idref="fl-13a"/>
      </object_component>
      <object_component id="oc-41">
         <name>.debug_line</name>
         <load_address>0x2cb</load_address>
         <run_address>0x2cb</run_address>
         <size>0x50</size>
         <input_file_ref idref="fl-139"/>
      </object_component>
      <object_component id="oc-46">
         <name>.debug_line</name>
         <load_address>0x31b</load_address>
         <run_address>0x31b</run_address>
         <size>0x7a</size>
         <input_file_ref idref="fl-135"/>
      </object_component>
      <object_component id="oc-4d">
         <name>.debug_line</name>
         <load_address>0x395</load_address>
         <run_address>0x395</run_address>
         <size>0x88</size>
         <input_file_ref idref="fl-136"/>
      </object_component>
      <object_component id="oc-53">
         <name>.debug_line</name>
         <load_address>0x41d</load_address>
         <run_address>0x41d</run_address>
         <size>0x3a</size>
         <input_file_ref idref="fl-132"/>
      </object_component>
      <object_component id="oc-62">
         <name>.debug_line</name>
         <load_address>0x457</load_address>
         <run_address>0x457</run_address>
         <size>0x8c</size>
         <input_file_ref idref="fl-133"/>
      </object_component>
      <object_component id="oc-67">
         <name>.debug_line</name>
         <load_address>0x4e3</load_address>
         <run_address>0x4e3</run_address>
         <size>0x39</size>
         <input_file_ref idref="fl-133"/>
      </object_component>
      <object_component id="oc-6f">
         <name>.debug_line</name>
         <load_address>0x51c</load_address>
         <run_address>0x51c</run_address>
         <size>0x34</size>
         <input_file_ref idref="fl-3"/>
      </object_component>
      <object_component id="oc-72">
         <name>.debug_line</name>
         <load_address>0x550</load_address>
         <run_address>0x550</run_address>
         <size>0x20</size>
         <input_file_ref idref="fl-2"/>
      </object_component>
      <object_component id="oc-77">
         <name>.debug_line</name>
         <load_address>0x570</load_address>
         <run_address>0x570</run_address>
         <size>0x76</size>
         <input_file_ref idref="fl-2"/>
      </object_component>
      <object_component id="oc-7c">
         <name>.debug_line</name>
         <load_address>0x5e6</load_address>
         <run_address>0x5e6</run_address>
         <size>0x6d</size>
         <input_file_ref idref="fl-13b"/>
      </object_component>
      <object_component id="oc-82">
         <name>.debug_line</name>
         <load_address>0x653</load_address>
         <run_address>0x653</run_address>
         <size>0x73</size>
         <input_file_ref idref="fl-2"/>
      </object_component>
      <object_component id="oc-8e">
         <name>.debug_line</name>
         <load_address>0x6c6</load_address>
         <run_address>0x6c6</run_address>
         <size>0x33</size>
         <input_file_ref idref="fl-137"/>
      </object_component>
      <object_component id="oc-92">
         <name>.debug_line</name>
         <load_address>0x6f9</load_address>
         <run_address>0x6f9</run_address>
         <size>0x44</size>
         <input_file_ref idref="fl-132"/>
      </object_component>
      <object_component id="oc-96">
         <name>.debug_line</name>
         <load_address>0x73d</load_address>
         <run_address>0x73d</run_address>
         <size>0x20</size>
         <input_file_ref idref="fl-132"/>
      </object_component>
      <object_component id="oc-99">
         <name>.debug_line</name>
         <load_address>0x75d</load_address>
         <run_address>0x75d</run_address>
         <size>0x44</size>
         <input_file_ref idref="fl-134"/>
      </object_component>
      <object_component id="oc-a0">
         <name>.debug_line</name>
         <load_address>0x7a1</load_address>
         <run_address>0x7a1</run_address>
         <size>0x20</size>
         <input_file_ref idref="fl-133"/>
      </object_component>
      <object_component id="oc-a6">
         <name>.debug_line</name>
         <load_address>0x7c1</load_address>
         <run_address>0x7c1</run_address>
         <size>0x2b</size>
         <input_file_ref idref="fl-139"/>
      </object_component>
      <object_component id="oc-a9">
         <name>.debug_line</name>
         <load_address>0x7ec</load_address>
         <run_address>0x7ec</run_address>
         <size>0x2b</size>
         <input_file_ref idref="fl-139"/>
      </object_component>
      <object_component id="oc-ae">
         <name>.debug_line</name>
         <load_address>0x817</load_address>
         <run_address>0x817</run_address>
         <size>0x66</size>
         <input_file_ref idref="fl-138"/>
      </object_component>
      <object_component id="oc-b2">
         <name>.debug_line</name>
         <load_address>0x87d</load_address>
         <run_address>0x87d</run_address>
         <size>0x2b</size>
         <input_file_ref idref="fl-138"/>
      </object_component>
      <object_component id="oc-b5">
         <name>.debug_line</name>
         <load_address>0x8a8</load_address>
         <run_address>0x8a8</run_address>
         <size>0x2a</size>
         <input_file_ref idref="fl-135"/>
      </object_component>
      <object_component id="oc-b7">
         <name>.debug_line</name>
         <load_address>0x8d2</load_address>
         <run_address>0x8d2</run_address>
         <size>0x43</size>
         <input_file_ref idref="fl-135"/>
      </object_component>
      <object_component id="oc-b9">
         <name>.debug_line</name>
         <load_address>0x915</load_address>
         <run_address>0x915</run_address>
         <size>0x51</size>
         <input_file_ref idref="fl-13b"/>
      </object_component>
      <object_component id="oc-bc">
         <name>.debug_line</name>
         <load_address>0x966</load_address>
         <run_address>0x966</run_address>
         <size>0x45</size>
         <input_file_ref idref="fl-13b"/>
      </object_component>
      <object_component id="oc-c0">
         <name>.debug_line</name>
         <load_address>0x9ab</load_address>
         <run_address>0x9ab</run_address>
         <size>0x20</size>
         <input_file_ref idref="fl-2"/>
      </object_component>
      <object_component id="oc-c3">
         <name>.debug_line</name>
         <load_address>0x9cb</load_address>
         <run_address>0x9cb</run_address>
         <size>0x20</size>
         <input_file_ref idref="fl-138"/>
      </object_component>
      <object_component id="oc-18">
         <name>.debug_frame</name>
         <load_address>0x0</load_address>
         <run_address>0x0</run_address>
         <size>0x7f</size>
         <input_file_ref idref="fl-132"/>
      </object_component>
      <object_component id="oc-20">
         <name>.debug_frame</name>
         <load_address>0x7f</load_address>
         <run_address>0x7f</run_address>
         <size>0x7f</size>
         <input_file_ref idref="fl-133"/>
      </object_component>
      <object_component id="oc-27">
         <name>.debug_frame</name>
         <load_address>0xfe</load_address>
         <run_address>0xfe</run_address>
         <size>0x7f</size>
         <input_file_ref idref="fl-3"/>
      </object_component>
      <object_component id="oc-2c">
         <name>.debug_frame</name>
         <load_address>0x17d</load_address>
         <run_address>0x17d</run_address>
         <size>0x7f</size>
         <input_file_ref idref="fl-3"/>
      </object_component>
      <object_component id="oc-31">
         <name>.debug_frame</name>
         <load_address>0x1fc</load_address>
         <run_address>0x1fc</run_address>
         <size>0x7f</size>
         <input_file_ref idref="fl-3"/>
      </object_component>
      <object_component id="oc-36">
         <name>.debug_frame</name>
         <load_address>0x27b</load_address>
         <run_address>0x27b</run_address>
         <size>0x7f</size>
         <input_file_ref idref="fl-3"/>
      </object_component>
      <object_component id="oc-42">
         <name>.debug_frame</name>
         <load_address>0x2fa</load_address>
         <run_address>0x2fa</run_address>
         <size>0x7f</size>
         <input_file_ref idref="fl-139"/>
      </object_component>
      <object_component id="oc-47">
         <name>.debug_frame</name>
         <load_address>0x379</load_address>
         <run_address>0x379</run_address>
         <size>0xb3</size>
         <input_file_ref idref="fl-135"/>
      </object_component>
      <object_component id="oc-61">
         <name>.debug_frame</name>
         <load_address>0x42c</load_address>
         <run_address>0x42c</run_address>
         <size>0x8a</size>
         <input_file_ref idref="fl-133"/>
      </object_component>
      <object_component id="oc-7d">
         <name>.debug_frame</name>
         <load_address>0x4b6</load_address>
         <run_address>0x4b6</run_address>
         <size>0x8a</size>
         <input_file_ref idref="fl-13b"/>
      </object_component>
      <object_component id="oc-83">
         <name>.debug_frame</name>
         <load_address>0x540</load_address>
         <run_address>0x540</run_address>
         <size>0x82</size>
         <input_file_ref idref="fl-2"/>
      </object_component>
      <object_component id="oc-af">
         <name>.debug_frame</name>
         <load_address>0x5c2</load_address>
         <run_address>0x5c2</run_address>
         <size>0xa1</size>
         <input_file_ref idref="fl-138"/>
      </object_component>
      <object_component id="oc-38">
         <name>.debug_abbrev</name>
         <load_address>0x0</load_address>
         <run_address>0x0</run_address>
         <size>0x29</size>
         <input_file_ref idref="fl-3"/>
      </object_component>
      <object_component id="oc-4b">
         <name>.debug_abbrev</name>
         <load_address>0x29</load_address>
         <run_address>0x29</run_address>
         <size>0x3d</size>
         <input_file_ref idref="fl-131"/>
      </object_component>
      <object_component id="oc-50">
         <name>.debug_abbrev</name>
         <load_address>0x66</load_address>
         <run_address>0x66</run_address>
         <size>0x74</size>
         <input_file_ref idref="fl-132"/>
      </object_component>
      <object_component id="oc-52">
         <name>.debug_abbrev</name>
         <load_address>0xda</load_address>
         <run_address>0xda</run_address>
         <size>0x24</size>
         <input_file_ref idref="fl-132"/>
      </object_component>
      <object_component id="oc-63">
         <name>.debug_abbrev</name>
         <load_address>0xfe</load_address>
         <run_address>0xfe</run_address>
         <size>0x74</size>
         <input_file_ref idref="fl-133"/>
      </object_component>
      <object_component id="oc-66">
         <name>.debug_abbrev</name>
         <load_address>0x172</load_address>
         <run_address>0x172</run_address>
         <size>0x24</size>
         <input_file_ref idref="fl-133"/>
      </object_component>
      <object_component id="oc-6a">
         <name>.debug_abbrev</name>
         <load_address>0x196</load_address>
         <run_address>0x196</run_address>
         <size>0x50</size>
         <input_file_ref idref="fl-3"/>
      </object_component>
      <object_component id="oc-6b">
         <name>.debug_abbrev</name>
         <load_address>0x1e6</load_address>
         <run_address>0x1e6</run_address>
         <size>0x40</size>
         <input_file_ref idref="fl-3"/>
      </object_component>
      <object_component id="oc-6c">
         <name>.debug_abbrev</name>
         <load_address>0x226</load_address>
         <run_address>0x226</run_address>
         <size>0x40</size>
         <input_file_ref idref="fl-3"/>
      </object_component>
      <object_component id="oc-6d">
         <name>.debug_abbrev</name>
         <load_address>0x266</load_address>
         <run_address>0x266</run_address>
         <size>0x40</size>
         <input_file_ref idref="fl-3"/>
      </object_component>
      <object_component id="oc-6e">
         <name>.debug_abbrev</name>
         <load_address>0x2a6</load_address>
         <run_address>0x2a6</run_address>
         <size>0x5d</size>
         <input_file_ref idref="fl-3"/>
      </object_component>
      <object_component id="oc-71">
         <name>.debug_abbrev</name>
         <load_address>0x303</load_address>
         <run_address>0x303</run_address>
         <size>0x1f</size>
         <input_file_ref idref="fl-2"/>
      </object_component>
      <object_component id="oc-76">
         <name>.debug_abbrev</name>
         <load_address>0x322</load_address>
         <run_address>0x322</run_address>
         <size>0x35</size>
         <input_file_ref idref="fl-2"/>
      </object_component>
      <object_component id="oc-7f">
         <name>.debug_abbrev</name>
         <load_address>0x357</load_address>
         <run_address>0x357</run_address>
         <size>0x80</size>
         <input_file_ref idref="fl-13a"/>
      </object_component>
      <object_component id="oc-85">
         <name>.debug_abbrev</name>
         <load_address>0x3d7</load_address>
         <run_address>0x3d7</run_address>
         <size>0x68</size>
         <input_file_ref idref="fl-139"/>
      </object_component>
      <object_component id="oc-8b">
         <name>.debug_abbrev</name>
         <load_address>0x43f</load_address>
         <run_address>0x43f</run_address>
         <size>0xba</size>
         <input_file_ref idref="fl-135"/>
      </object_component>
      <object_component id="oc-8d">
         <name>.debug_abbrev</name>
         <load_address>0x4f9</load_address>
         <run_address>0x4f9</run_address>
         <size>0x27</size>
         <input_file_ref idref="fl-137"/>
      </object_component>
      <object_component id="oc-8f">
         <name>.debug_abbrev</name>
         <load_address>0x520</load_address>
         <run_address>0x520</run_address>
         <size>0x3d</size>
         <input_file_ref idref="fl-136"/>
      </object_component>
      <object_component id="oc-91">
         <name>.debug_abbrev</name>
         <load_address>0x55d</load_address>
         <run_address>0x55d</run_address>
         <size>0x24</size>
         <input_file_ref idref="fl-132"/>
      </object_component>
      <object_component id="oc-95">
         <name>.debug_abbrev</name>
         <load_address>0x581</load_address>
         <run_address>0x581</run_address>
         <size>0x4c</size>
         <input_file_ref idref="fl-132"/>
      </object_component>
      <object_component id="oc-98">
         <name>.debug_abbrev</name>
         <load_address>0x5cd</load_address>
         <run_address>0x5cd</run_address>
         <size>0x24</size>
         <input_file_ref idref="fl-134"/>
      </object_component>
      <object_component id="oc-9e">
         <name>.debug_abbrev</name>
         <load_address>0x5f1</load_address>
         <run_address>0x5f1</run_address>
         <size>0x6d</size>
         <input_file_ref idref="fl-133"/>
      </object_component>
      <object_component id="oc-9f">
         <name>.debug_abbrev</name>
         <load_address>0x65e</load_address>
         <run_address>0x65e</run_address>
         <size>0x2c</size>
         <input_file_ref idref="fl-133"/>
      </object_component>
      <object_component id="oc-a1">
         <name>.debug_abbrev</name>
         <load_address>0x68a</load_address>
         <run_address>0x68a</run_address>
         <size>0x8c</size>
         <input_file_ref idref="fl-13b"/>
      </object_component>
      <object_component id="oc-a3">
         <name>.debug_abbrev</name>
         <load_address>0x716</load_address>
         <run_address>0x716</run_address>
         <size>0x54</size>
         <input_file_ref idref="fl-2"/>
      </object_component>
      <object_component id="oc-a5">
         <name>.debug_abbrev</name>
         <load_address>0x76a</load_address>
         <run_address>0x76a</run_address>
         <size>0x8e</size>
         <input_file_ref idref="fl-139"/>
      </object_component>
      <object_component id="oc-a8">
         <name>.debug_abbrev</name>
         <load_address>0x7f8</load_address>
         <run_address>0x7f8</run_address>
         <size>0x49</size>
         <input_file_ref idref="fl-139"/>
      </object_component>
      <object_component id="oc-b1">
         <name>.debug_abbrev</name>
         <load_address>0x841</load_address>
         <run_address>0x841</run_address>
         <size>0x29</size>
         <input_file_ref idref="fl-138"/>
      </object_component>
      <object_component id="oc-b4">
         <name>.debug_abbrev</name>
         <load_address>0x86a</load_address>
         <run_address>0x86a</run_address>
         <size>0x29</size>
         <input_file_ref idref="fl-135"/>
      </object_component>
      <object_component id="oc-b6">
         <name>.debug_abbrev</name>
         <load_address>0x893</load_address>
         <run_address>0x893</run_address>
         <size>0x6b</size>
         <input_file_ref idref="fl-135"/>
      </object_component>
      <object_component id="oc-b8">
         <name>.debug_abbrev</name>
         <load_address>0x8fe</load_address>
         <run_address>0x8fe</run_address>
         <size>0x8c</size>
         <input_file_ref idref="fl-13b"/>
      </object_component>
      <object_component id="oc-bb">
         <name>.debug_abbrev</name>
         <load_address>0x98a</load_address>
         <run_address>0x98a</run_address>
         <size>0x4b</size>
         <input_file_ref idref="fl-13b"/>
      </object_component>
      <object_component id="oc-bf">
         <name>.debug_abbrev</name>
         <load_address>0x9d5</load_address>
         <run_address>0x9d5</run_address>
         <size>0x23</size>
         <input_file_ref idref="fl-2"/>
      </object_component>
      <object_component id="oc-c1">
         <name>.debug_abbrev</name>
         <load_address>0x9f8</load_address>
         <run_address>0x9f8</run_address>
         <size>0x6f</size>
         <input_file_ref idref="fl-138"/>
      </object_component>
      <object_component id="oc-c2">
         <name>.debug_abbrev</name>
         <load_address>0xa67</load_address>
         <run_address>0xa67</run_address>
         <size>0x45</size>
         <input_file_ref idref="fl-138"/>
      </object_component>
      <object_component id="oc-e3">
         <name>.debug_abbrev</name>
         <load_address>0xaac</load_address>
         <run_address>0xaac</run_address>
         <size>0xf</size>
      </object_component>
      <object_component id="oc-54">
         <name>.debug_str</name>
         <load_address>0x0</load_address>
         <run_address>0x0</run_address>
         <size>0xb5</size>
         <input_file_ref idref="fl-132"/>
      </object_component>
      <object_component id="oc-68">
         <name>.debug_str</name>
         <load_address>0xb5</load_address>
         <run_address>0xb5</run_address>
         <size>0xa7</size>
         <input_file_ref idref="fl-133"/>
      </object_component>
      <object_component id="oc-73">
         <name>.debug_str</name>
         <load_address>0x15c</load_address>
         <run_address>0x15c</run_address>
         <size>0xf5</size>
         <input_file_ref idref="fl-2"/>
      </object_component>
      <object_component id="oc-78">
         <name>.debug_str</name>
         <load_address>0x251</load_address>
         <run_address>0x251</run_address>
         <size>0x24a</size>
         <input_file_ref idref="fl-2"/>
      </object_component>
      <object_component id="oc-93">
         <name>.debug_str</name>
         <load_address>0x49b</load_address>
         <run_address>0x49b</run_address>
         <size>0x9c</size>
         <input_file_ref idref="fl-132"/>
      </object_component>
      <object_component id="oc-9a">
         <name>.debug_str</name>
         <load_address>0x537</load_address>
         <run_address>0x537</run_address>
         <size>0x9c</size>
         <input_file_ref idref="fl-134"/>
      </object_component>
      <object_component id="oc-aa">
         <name>.debug_str</name>
         <load_address>0x5d3</load_address>
         <run_address>0x5d3</run_address>
         <size>0x8b</size>
         <input_file_ref idref="fl-139"/>
      </object_component>
      <object_component id="oc-bd">
         <name>.debug_str</name>
         <load_address>0x65e</load_address>
         <run_address>0x65e</run_address>
         <size>0xf3</size>
         <input_file_ref idref="fl-13b"/>
      </object_component>
      <object_component id="oc-55">
         <name>.debug_pubtypes</name>
         <load_address>0x0</load_address>
         <run_address>0x0</run_address>
         <size>0x48</size>
         <input_file_ref idref="fl-132"/>
      </object_component>
      <object_component id="oc-69">
         <name>.debug_pubtypes</name>
         <load_address>0x48</load_address>
         <run_address>0x48</run_address>
         <size>0x37</size>
         <input_file_ref idref="fl-133"/>
      </object_component>
      <object_component id="oc-74">
         <name>.debug_pubtypes</name>
         <load_address>0x7f</load_address>
         <run_address>0x7f</run_address>
         <size>0xed</size>
         <input_file_ref idref="fl-2"/>
      </object_component>
      <object_component id="oc-79">
         <name>.debug_pubtypes</name>
         <load_address>0x16c</load_address>
         <run_address>0x16c</run_address>
         <size>0x1c6</size>
         <input_file_ref idref="fl-2"/>
      </object_component>
      <object_component id="oc-94">
         <name>.debug_pubtypes</name>
         <load_address>0x332</load_address>
         <run_address>0x332</run_address>
         <size>0x1d</size>
         <input_file_ref idref="fl-132"/>
      </object_component>
      <object_component id="oc-9b">
         <name>.debug_pubtypes</name>
         <load_address>0x34f</load_address>
         <run_address>0x34f</run_address>
         <size>0x1d</size>
         <input_file_ref idref="fl-134"/>
      </object_component>
      <object_component id="oc-ab">
         <name>.debug_pubtypes</name>
         <load_address>0x36c</load_address>
         <run_address>0x36c</run_address>
         <size>0x1b</size>
         <input_file_ref idref="fl-139"/>
      </object_component>
      <object_component id="oc-be">
         <name>.debug_pubtypes</name>
         <load_address>0x387</load_address>
         <run_address>0x387</run_address>
         <size>0x50</size>
         <input_file_ref idref="fl-13b"/>
      </object_component>
   </object_component_list>
   <logical_group_list>
      <logical_group id="lg-3" display="no" color="cyan">
         <name>.intvecs</name>
         <load_address>0x0</load_address>
         <run_address>0x0</run_address>
         <size>0x26c</size>
         <contents>
            <object_component_ref idref="oc-e"/>
         </contents>
      </logical_group>
      <logical_group id="lg-4" display="no" color="cyan">
         <name>.text</name>
         <load_address>0x26c</load_address>
         <run_address>0x26c</run_address>
         <size>0x302</size>
         <contents>
            <object_component_ref idref="oc-4c"/>
            <object_component_ref idref="oc-3b"/>
            <object_component_ref idref="oc-5e"/>
            <object_component_ref idref="oc-2e"/>
            <object_component_ref idref="oc-80"/>
            <object_component_ref idref="oc-10"/>
            <object_component_ref idref="oc-7a"/>
            <object_component_ref idref="oc-44"/>
            <object_component_ref idref="oc-3f"/>
            <object_component_ref idref="oc-ac"/>
            <object_component_ref idref="oc-14"/>
            <object_component_ref idref="oc-24"/>
            <object_component_ref idref="oc-1e"/>
            <object_component_ref idref="oc-33"/>
            <object_component_ref idref="oc-29"/>
         </contents>
      </logical_group>
      <logical_group id="lg-5" display="no" color="cyan">
         <name>.const</name>
         <run_address>0x0</run_address>
         <size>0x0</size>
         <contents>
         </contents>
      </logical_group>
      <logical_group id="lg-6" display="no" color="cyan">
         <name>.cinit</name>
         <load_address>0x570</load_address>
         <run_address>0x570</run_address>
         <size>0x1c</size>
         <contents>
            <object_component_ref idref="oc-e0"/>
            <object_component_ref idref="oc-de"/>
            <object_component_ref idref="oc-df"/>
         </contents>
      </logical_group>
      <logical_group id="lg-7" display="no" color="cyan">
         <name>.pinit</name>
         <run_address>0x0</run_address>
         <size>0x0</size>
         <contents>
         </contents>
      </logical_group>
      <logical_group id="lg-8" display="no" color="cyan">
         <name>.init_array</name>
         <run_address>0x0</run_address>
         <size>0x0</size>
         <contents>
         </contents>
      </logical_group>
      <logical_group id="lg-9" display="no" color="cyan">
         <name>.vtable</name>
         <run_address>0x0</run_address>
         <size>0x0</size>
         <contents>
         </contents>
      </logical_group>
      <logical_group id="lg-a" display="no" color="cyan">
         <name>.data</name>
         <run_address>0x20000100</run_address>
         <size>0x14</size>
         <contents>
            <object_component_ref idref="oc-49"/>
            <object_component_ref idref="oc-87"/>
            <object_component_ref idref="oc-89"/>
         </contents>
      </logical_group>
      <logical_group id="lg-b" display="no" color="cyan">
         <name>.bss</name>
         <run_address>0x0</run_address>
         <size>0x0</size>
         <contents>
         </contents>
      </logical_group>
      <logical_group id="lg-c" display="no" color="cyan">
         <name>.sysmem</name>
         <run_address>0x0</run_address>
         <size>0x0</size>
         <contents>
         </contents>
      </logical_group>
      <logical_group id="lg-d" display="no" color="cyan">
         <name>.stack</name>
         <run_address>0x20000000</run_address>
         <size>0x100</size>
         <contents>
            <object_component_ref idref="oc-23"/>
            <object_component_ref idref="oc-e1"/>
         </contents>
      </logical_group>
      <logical_group id="lg-d0" display="never" color="cyan">
         <name>.debug_info</name>
         <load_address>0x0</load_address>
         <run_address>0x0</run_address>
         <size>0x245d</size>
         <contents>
            <object_component_ref idref="oc-f"/>
            <object_component_ref idref="oc-13"/>
            <object_component_ref idref="oc-15"/>
            <object_component_ref idref="oc-1f"/>
            <object_component_ref idref="oc-25"/>
            <object_component_ref idref="oc-2a"/>
            <object_component_ref idref="oc-2f"/>
            <object_component_ref idref="oc-34"/>
            <object_component_ref idref="oc-3a"/>
            <object_component_ref idref="oc-3d"/>
            <object_component_ref idref="oc-40"/>
            <object_component_ref idref="oc-45"/>
            <object_component_ref idref="oc-4a"/>
            <object_component_ref idref="oc-4e"/>
            <object_component_ref idref="oc-51"/>
            <object_component_ref idref="oc-56"/>
            <object_component_ref idref="oc-60"/>
            <object_component_ref idref="oc-64"/>
            <object_component_ref idref="oc-65"/>
            <object_component_ref idref="oc-70"/>
            <object_component_ref idref="oc-75"/>
            <object_component_ref idref="oc-7b"/>
            <object_component_ref idref="oc-81"/>
            <object_component_ref idref="oc-86"/>
            <object_component_ref idref="oc-88"/>
            <object_component_ref idref="oc-8a"/>
            <object_component_ref idref="oc-8c"/>
            <object_component_ref idref="oc-90"/>
            <object_component_ref idref="oc-97"/>
            <object_component_ref idref="oc-a2"/>
            <object_component_ref idref="oc-a4"/>
            <object_component_ref idref="oc-a7"/>
            <object_component_ref idref="oc-ad"/>
            <object_component_ref idref="oc-b3"/>
            <object_component_ref idref="oc-ba"/>
            <object_component_ref idref="oc-e2"/>
         </contents>
      </logical_group>
      <logical_group id="lg-d2" display="never" color="cyan">
         <name>.debug_aranges</name>
         <load_address>0x0</load_address>
         <run_address>0x0</run_address>
         <size>0x208</size>
         <contents>
            <object_component_ref idref="oc-11"/>
            <object_component_ref idref="oc-16"/>
            <object_component_ref idref="oc-22"/>
            <object_component_ref idref="oc-28"/>
            <object_component_ref idref="oc-2d"/>
            <object_component_ref idref="oc-32"/>
            <object_component_ref idref="oc-37"/>
            <object_component_ref idref="oc-3e"/>
            <object_component_ref idref="oc-43"/>
            <object_component_ref idref="oc-48"/>
            <object_component_ref idref="oc-4f"/>
            <object_component_ref idref="oc-5f"/>
            <object_component_ref idref="oc-7e"/>
            <object_component_ref idref="oc-84"/>
            <object_component_ref idref="oc-b0"/>
         </contents>
      </logical_group>
      <logical_group id="lg-d4" display="never" color="cyan">
         <name>.debug_line</name>
         <load_address>0x0</load_address>
         <run_address>0x0</run_address>
         <size>0x9eb</size>
         <contents>
            <object_component_ref idref="oc-12"/>
            <object_component_ref idref="oc-17"/>
            <object_component_ref idref="oc-21"/>
            <object_component_ref idref="oc-26"/>
            <object_component_ref idref="oc-2b"/>
            <object_component_ref idref="oc-30"/>
            <object_component_ref idref="oc-35"/>
            <object_component_ref idref="oc-39"/>
            <object_component_ref idref="oc-3c"/>
            <object_component_ref idref="oc-41"/>
            <object_component_ref idref="oc-46"/>
            <object_component_ref idref="oc-4d"/>
            <object_component_ref idref="oc-53"/>
            <object_component_ref idref="oc-62"/>
            <object_component_ref idref="oc-67"/>
            <object_component_ref idref="oc-6f"/>
            <object_component_ref idref="oc-72"/>
            <object_component_ref idref="oc-77"/>
            <object_component_ref idref="oc-7c"/>
            <object_component_ref idref="oc-82"/>
            <object_component_ref idref="oc-8e"/>
            <object_component_ref idref="oc-92"/>
            <object_component_ref idref="oc-96"/>
            <object_component_ref idref="oc-99"/>
            <object_component_ref idref="oc-a0"/>
            <object_component_ref idref="oc-a6"/>
            <object_component_ref idref="oc-a9"/>
            <object_component_ref idref="oc-ae"/>
            <object_component_ref idref="oc-b2"/>
            <object_component_ref idref="oc-b5"/>
            <object_component_ref idref="oc-b7"/>
            <object_component_ref idref="oc-b9"/>
            <object_component_ref idref="oc-bc"/>
            <object_component_ref idref="oc-c0"/>
            <object_component_ref idref="oc-c3"/>
         </contents>
      </logical_group>
      <logical_group id="lg-d6" display="never" color="cyan">
         <name>.debug_frame</name>
         <load_address>0x0</load_address>
         <run_address>0x0</run_address>
         <size>0x663</size>
         <contents>
            <object_component_ref idref="oc-18"/>
            <object_component_ref idref="oc-20"/>
            <object_component_ref idref="oc-27"/>
            <object_component_ref idref="oc-2c"/>
            <object_component_ref idref="oc-31"/>
            <object_component_ref idref="oc-36"/>
            <object_component_ref idref="oc-42"/>
            <object_component_ref idref="oc-47"/>
            <object_component_ref idref="oc-61"/>
            <object_component_ref idref="oc-7d"/>
            <object_component_ref idref="oc-83"/>
            <object_component_ref idref="oc-af"/>
         </contents>
      </logical_group>
      <logical_group id="lg-d8" display="never" color="cyan">
         <name>.debug_abbrev</name>
         <load_address>0x0</load_address>
         <run_address>0x0</run_address>
         <size>0xabb</size>
         <contents>
            <object_component_ref idref="oc-38"/>
            <object_component_ref idref="oc-4b"/>
            <object_component_ref idref="oc-50"/>
            <object_component_ref idref="oc-52"/>
            <object_component_ref idref="oc-63"/>
            <object_component_ref idref="oc-66"/>
            <object_component_ref idref="oc-6a"/>
            <object_component_ref idref="oc-6b"/>
            <object_component_ref idref="oc-6c"/>
            <object_component_ref idref="oc-6d"/>
            <object_component_ref idref="oc-6e"/>
            <object_component_ref idref="oc-71"/>
            <object_component_ref idref="oc-76"/>
            <object_component_ref idref="oc-7f"/>
            <object_component_ref idref="oc-85"/>
            <object_component_ref idref="oc-8b"/>
            <object_component_ref idref="oc-8d"/>
            <object_component_ref idref="oc-8f"/>
            <object_component_ref idref="oc-91"/>
            <object_component_ref idref="oc-95"/>
            <object_component_ref idref="oc-98"/>
            <object_component_ref idref="oc-9e"/>
            <object_component_ref idref="oc-9f"/>
            <object_component_ref idref="oc-a1"/>
            <object_component_ref idref="oc-a3"/>
            <object_component_ref idref="oc-a5"/>
            <object_component_ref idref="oc-a8"/>
            <object_component_ref idref="oc-b1"/>
            <object_component_ref idref="oc-b4"/>
            <object_component_ref idref="oc-b6"/>
            <object_component_ref idref="oc-b8"/>
            <object_component_ref idref="oc-bb"/>
            <object_component_ref idref="oc-bf"/>
            <object_component_ref idref="oc-c1"/>
            <object_component_ref idref="oc-c2"/>
            <object_component_ref idref="oc-e3"/>
         </contents>
      </logical_group>
      <logical_group id="lg-da" display="never" color="cyan">
         <name>.debug_str</name>
         <load_address>0x0</load_address>
         <run_address>0x0</run_address>
         <size>0x751</size>
         <contents>
            <object_component_ref idref="oc-54"/>
            <object_component_ref idref="oc-68"/>
            <object_component_ref idref="oc-73"/>
            <object_component_ref idref="oc-78"/>
            <object_component_ref idref="oc-93"/>
            <object_component_ref idref="oc-9a"/>
            <object_component_ref idref="oc-aa"/>
            <object_component_ref idref="oc-bd"/>
         </contents>
      </logical_group>
      <logical_group id="lg-dc" display="never" color="cyan">
         <name>.debug_pubtypes</name>
         <load_address>0x0</load_address>
         <run_address>0x0</run_address>
         <size>0x3d7</size>
         <contents>
            <object_component_ref idref="oc-55"/>
            <object_component_ref idref="oc-69"/>
            <object_component_ref idref="oc-74"/>
            <object_component_ref idref="oc-79"/>
            <object_component_ref idref="oc-94"/>
            <object_component_ref idref="oc-9b"/>
            <object_component_ref idref="oc-ab"/>
            <object_component_ref idref="oc-be"/>
         </contents>
      </logical_group>
      <load_segment id="lg-e5" display="no" color="cyan">
         <name>SEGMENT_0</name>
         <load_address>0x0</load_address>
         <run_address>0x0</run_address>
         <size>0x58c</size>
         <flags>0x5</flags>
         <contents>
            <logical_group_ref idref="lg-3"/>
            <logical_group_ref idref="lg-4"/>
            <logical_group_ref idref="lg-6"/>
         </contents>
      </load_segment>
      <load_segment id="lg-e6" display="no" color="cyan">
         <name>SEGMENT_1</name>
         <run_address>0x20000000</run_address>
         <size>0x114</size>
         <flags>0x6</flags>
         <contents>
            <logical_group_ref idref="lg-d"/>
            <logical_group_ref idref="lg-a"/>
         </contents>
      </load_segment>
   </logical_group_list>
   <placement_map>
      <memory_area display="yes" color="green">
         <name>FLASH</name>
         <page_id>0x0</page_id>
         <origin>0x0</origin>
         <length>0x40000</length>
         <used_space>0x58a</used_space>
         <unused_space>0x3fa76</unused_space>
         <attributes>RX</attributes>
         <usage_details>
            <allocated_space>
               <start_address>0x0</start_address>
               <size>0x26c</size>
               <logical_group_ref idref="lg-3"/>
            </allocated_space>
            <allocated_space>
               <start_address>0x26c</start_address>
               <size>0x302</size>
               <logical_group_ref idref="lg-4"/>
            </allocated_space>
            <available_space>
               <start_address>0x56e</start_address>
               <size>0x2</size>
            </available_space>
            <allocated_space>
               <start_address>0x570</start_address>
               <size>0x1c</size>
               <logical_group_ref idref="lg-6"/>
            </allocated_space>
            <available_space>
               <start_address>0x58c</start_address>
               <size>0x3fa74</size>
            </available_space>
         </usage_details>
      </memory_area>
      <memory_area display="yes" color="green">
         <name>SRAM</name>
         <page_id>0x0</page_id>
         <origin>0x20000000</origin>
         <length>0x8000</length>
         <used_space>0x114</used_space>
         <unused_space>0x7eec</unused_space>
         <attributes>RWX</attributes>
         <usage_details>
            <allocated_space>
               <start_address>0x20000000</start_address>
               <size>0x100</size>
               <logical_group_ref idref="lg-d"/>
            </allocated_space>
            <allocated_space>
               <start_address>0x20000100</start_address>
               <size>0x14</size>
               <logical_group_ref idref="lg-a"/>
            </allocated_space>
            <available_space>
               <start_address>0x20000114</start_address>
               <size>0x7eec</size>
            </available_space>
         </usage_details>
      </memory_area>
   </placement_map>
   <cptbl_list>
      <cptbl>
         <name>__TI_cinit_table</name>
         <cprec>
            <name>.data</name>
            <load_address>0x570</load_address>
            <load_size>0x9</load_size>
            <run_address>0x20000100</run_address>
            <run_size>0x14</run_size>
            <compression>rle</compression>
         </cprec>
      </cptbl>
   </cptbl_list>
   <handler_table>
      <handler_table_name>__TI_handler_table</handler_table_name>
      <handler>
         <index>0x0</index>
         <name>__TI_decompress_rle24</name>
      </handler>
      <handler>
         <index>0x1</index>
         <name>__TI_decompress_none</name>
      </handler>
   </handler_table>
   <symbol_table>
      <symbol id="sm-1">
         <name>__STACK_TOP</name>
         <value>0x20000100</value>
      </symbol>
      <symbol id="sm-2">
         <name>__TI_CINIT_Base</name>
         <value>0x584</value>
      </symbol>
      <symbol id="sm-3">
         <name>__TI_CINIT_Limit</name>
         <value>0x58c</value>
      </symbol>
      <symbol id="sm-4">
         <name>__TI_Handler_Table_Base</name>
         <value>0x57c</value>
      </symbol>
      <symbol id="sm-5">
         <name>__TI_Handler_Table_Limit</name>
         <value>0x584</value>
      </symbol>
      <symbol id="sm-6">
         <name>binit</name>
         <value>0xffffffff</value>
      </symbol>
      <symbol id="sm-7">
         <name>__binit__</name>
         <value>0xffffffff</value>
      </symbol>
      <symbol id="sm-8">
         <name>__STACK_SIZE</name>
         <value>0x100</value>
      </symbol>
      <symbol id="sm-9">
         <name>__STACK_END</name>
         <value>0x20000100</value>
      </symbol>
      <symbol id="sm-a">
         <name>__c_args__</name>
         <value>0xffffffff</value>
      </symbol>
      <symbol id="sm-3a">
         <name>main</name>
         <value>0x3fd</value>
         <object_component_ref idref="oc-80"/>
      </symbol>
      <symbol id="sm-66">
         <name>ResetISR</name>
         <value>0x55f</value>
         <object_component_ref idref="oc-24"/>
      </symbol>
      <symbol id="sm-67">
         <name>g_pfnVectors</name>
         <value>0x0</value>
         <object_component_ref idref="oc-e"/>
      </symbol>
      <symbol id="sm-77">
         <name>_c_int00</name>
         <value>0x455</value>
         <object_component_ref idref="oc-10"/>
      </symbol>
      <symbol id="sm-78">
         <name>__stack</name>
         <value>0x20000000</value>
         <object_component_ref idref="oc-23"/>
      </symbol>
      <symbol id="sm-8e">
         <name>__TI_decompress_none</name>
         <value>0x551</value>
         <object_component_ref idref="oc-14"/>
      </symbol>
      <symbol id="sm-b0">
         <name>__TI_decompress_rle24</name>
         <value>0x565</value>
         <object_component_ref idref="oc-1e"/>
      </symbol>
      <symbol id="sm-d2">
         <name>C$$EXIT</name>
         <value>0x4e1</value>
         <object_component_ref idref="oc-44"/>
      </symbol>
      <symbol id="sm-d3">
         <name>abort</name>
         <value>0x4e5</value>
         <object_component_ref idref="oc-44"/>
      </symbol>
      <symbol id="sm-d4">
         <name>exit</name>
         <value>0x4ed</value>
         <object_component_ref idref="oc-44"/>
      </symbol>
      <symbol id="sm-d5">
         <name>__TI_dtors_ptr</name>
         <value>0x2000010c</value>
         <object_component_ref idref="oc-89"/>
      </symbol>
      <symbol id="sm-d6">
         <name>__TI_cleanup_ptr</name>
         <value>0x20000108</value>
         <object_component_ref idref="oc-89"/>
      </symbol>
      <symbol id="sm-f0">
         <name>memcpy</name>
         <value>0x26d</value>
         <object_component_ref idref="oc-4c"/>
      </symbol>
      <symbol id="sm-f1">
         <name>__aeabi_memcpy</name>
         <value>0x26d</value>
         <object_component_ref idref="oc-4c"/>
      </symbol>
      <symbol id="sm-f2">
         <name>__aeabi_memcpy8</name>
         <value>0x26d</value>
         <object_component_ref idref="oc-4c"/>
      </symbol>
      <symbol id="sm-f3">
         <name>__aeabi_memcpy4</name>
         <value>0x26d</value>
         <object_component_ref idref="oc-4c"/>
      </symbol>
      <symbol id="sm-fa">
         <name>main_func_sp</name>
         <value>0x20000110</value>
         <object_component_ref idref="oc-49"/>
      </symbol>
      <symbol id="sm-110">
         <name>_nop</name>
         <value>0x54b</value>
         <object_component_ref idref="oc-ac"/>
      </symbol>
      <symbol id="sm-111">
         <name>_lock</name>
         <value>0x20000100</value>
         <object_component_ref idref="oc-87"/>
      </symbol>
      <symbol id="sm-112">
         <name>_unlock</name>
         <value>0x20000104</value>
         <object_component_ref idref="oc-87"/>
      </symbol>
      <symbol id="sm-113">
         <name>_register_lock</name>
         <value>0x543</value>
         <object_component_ref idref="oc-ac"/>
      </symbol>
      <symbol id="sm-114">
         <name>_register_unlock</name>
         <value>0x53d</value>
         <object_component_ref idref="oc-ac"/>
      </symbol>
      <symbol id="sm-127">
         <name>_args_main</name>
         <value>0x525</value>
         <object_component_ref idref="oc-3f"/>
      </symbol>
      <symbol id="sm-143">
         <name>__TI_auto_init</name>
         <value>0x309</value>
         <object_component_ref idref="oc-3b"/>
      </symbol>
      <symbol id="sm-15b">
         <name>copy_in</name>
         <value>0x49d</value>
         <object_component_ref idref="oc-7a"/>
      </symbol>
      <symbol id="sm-15c">
         <name>__TI_static_base__</name>
         <value>0x0</value>
      </symbol>
      <symbol id="sm-15d">
         <name>__TI_args_main</name>
         <value>0x1</value>
      </symbol>
      <symbol id="sm-15e">
         <name>SHT$$INIT_ARRAY$$Limit</name>
         <value>0x0</value>
      </symbol>
      <symbol id="sm-15f">
         <name>SHT$$INIT_ARRAY$$Base</name>
         <value>0x0</value>
      </symbol>
   </symbol_table>
   <title>Link errors: red sections failed placement</title>
</link_info>
